ENA|AF165214|AF165214.2_Bacteriophage_D3,_complete_genome._	ENA|CP008857|CP008857.1_Pseudomonas_aeruginosa_strain_F30658,_complete_genome._	824
ENA|AF165214|AF165214.2_Bacteriophage_D3,_complete_genome._	ENA|CP008857|CP008857.1_Pseudomonas_aeruginosa_strain_F30658,_complete_genome._	412
ENA|AF165214|AF165214.2_Bacteriophage_D3,_complete_genome._	ENA|CP008857|CP008857.1_Pseudomonas_aeruginosa_strain_F30658,_complete_genome._	195
ENA|AF165214|AF165214.2_Bacteriophage_D3,_complete_genome._	ENA|CP008857|CP008857.1_Pseudomonas_aeruginosa_strain_F30658,_complete_genome._	119
ENA|AF165214|AF165214.2_Bacteriophage_D3,_complete_genome._	ENA|CP008857|CP008857.1_Pseudomonas_aeruginosa_strain_F30658,_complete_genome._	113
ENA|AF165214|AF165214.2_Bacteriophage_D3,_complete_genome._	ENA|CP008857|CP008857.1_Pseudomonas_aeruginosa_strain_F30658,_complete_genome._	58.4
ENA|AF165214|AF165214.2_Bacteriophage_D3,_complete_genome._	ENA|CP008857|CP008857.1_Pseudomonas_aeruginosa_strain_F30658,_complete_genome._	824
ENA|AF165214|AF165214.2_Bacteriophage_D3,_complete_genome._	ENA|CP008857|CP008857.1_Pseudomonas_aeruginosa_strain_F30658,_complete_genome._	412
ENA|AF165214|AF165214.2_Bacteriophage_D3,_complete_genome._	ENA|CP008857|CP008857.1_Pseudomonas_aeruginosa_strain_F30658,_complete_genome._	195
ENA|AF165214|AF165214.2_Bacteriophage_D3,_complete_genome._	ENA|CP008857|CP008857.1_Pseudomonas_aeruginosa_strain_F30658,_complete_genome._	119
ENA|AF165214|AF165214.2_Bacteriophage_D3,_complete_genome._	ENA|CP008857|CP008857.1_Pseudomonas_aeruginosa_strain_F30658,_complete_genome._	113
ENA|AF165214|AF165214.2_Bacteriophage_D3,_complete_genome._	ENA|CP008857|CP008857.1_Pseudomonas_aeruginosa_strain_F30658,_complete_genome._	58.4
ENA|AF165214|AF165214.2_Bacteriophage_D3,_complete_genome._	ENA|CP008857|CP008857.1_Pseudomonas_aeruginosa_strain_F30658,_complete_genome._	824
ENA|AF165214|AF165214.2_Bacteriophage_D3,_complete_genome._	ENA|CP008857|CP008857.1_Pseudomonas_aeruginosa_strain_F30658,_complete_genome._	412
ENA|AF165214|AF165214.2_Bacteriophage_D3,_complete_genome._	ENA|CP008857|CP008857.1_Pseudomonas_aeruginosa_strain_F30658,_complete_genome._	195
ENA|AF165214|AF165214.2_Bacteriophage_D3,_complete_genome._	ENA|CP008857|CP008857.1_Pseudomonas_aeruginosa_strain_F30658,_complete_genome._	119
ENA|AF165214|AF165214.2_Bacteriophage_D3,_complete_genome._	ENA|CP008857|CP008857.1_Pseudomonas_aeruginosa_strain_F30658,_complete_genome._	113
ENA|AF165214|AF165214.2_Bacteriophage_D3,_complete_genome._	ENA|CP008857|CP008857.1_Pseudomonas_aeruginosa_strain_F30658,_complete_genome._	58.4
ENA|AF165214|AF165214.2_Bacteriophage_D3,_complete_genome._	ENA|CP008857|CP008857.1_Pseudomonas_aeruginosa_strain_F30658,_complete_genome._	824
ENA|AF165214|AF165214.2_Bacteriophage_D3,_complete_genome._	ENA|CP008857|CP008857.1_Pseudomonas_aeruginosa_strain_F30658,_complete_genome._	412
ENA|AF165214|AF165214.2_Bacteriophage_D3,_complete_genome._	ENA|CP008857|CP008857.1_Pseudomonas_aeruginosa_strain_F30658,_complete_genome._	195
ENA|AF165214|AF165214.2_Bacteriophage_D3,_complete_genome._	ENA|CP008857|CP008857.1_Pseudomonas_aeruginosa_strain_F30658,_complete_genome._	119
ENA|AF165214|AF165214.2_Bacteriophage_D3,_complete_genome._	ENA|CP008857|CP008857.1_Pseudomonas_aeruginosa_strain_F30658,_complete_genome._	113
ENA|AF165214|AF165214.2_Bacteriophage_D3,_complete_genome._	ENA|CP008857|CP008857.1_Pseudomonas_aeruginosa_strain_F30658,_complete_genome._	58.4
ENA|AF165214|AF165214.2_Bacteriophage_D3,_complete_genome._	ENA|CP008872|CP008872.1_Pseudomonas_aeruginosa_strain_X78812,_complete_genome._	113
ENA|AF165214|AF165214.2_Bacteriophage_D3,_complete_genome._	ENA|CP008872|CP008872.1_Pseudomonas_aeruginosa_strain_X78812,_complete_genome._	113
ENA|AF165214|AF165214.2_Bacteriophage_D3,_complete_genome._	ENA|CP008872|CP008872.1_Pseudomonas_aeruginosa_strain_X78812,_complete_genome._	113
ENA|AF165214|AF165214.2_Bacteriophage_D3,_complete_genome._	ENA|CP008872|CP008872.1_Pseudomonas_aeruginosa_strain_X78812,_complete_genome._	113
ENA|AF165214|AF165214.2_Bacteriophage_D3,_complete_genome._	ENA|CP008867|CP008867.1_Pseudomonas_aeruginosa_strain_T52373,_complete_genome._	113
ENA|AF165214|AF165214.2_Bacteriophage_D3,_complete_genome._	ENA|CP008867|CP008867.1_Pseudomonas_aeruginosa_strain_T52373,_complete_genome._	113
ENA|AF165214|AF165214.2_Bacteriophage_D3,_complete_genome._	ENA|CP008867|CP008867.1_Pseudomonas_aeruginosa_strain_T52373,_complete_genome._	113
ENA|AF165214|AF165214.2_Bacteriophage_D3,_complete_genome._	ENA|CP008867|CP008867.1_Pseudomonas_aeruginosa_strain_T52373,_complete_genome._	113
ENA|AY625898|AY625898.1_Pseudomonas_aeruginosa_phage_F116,_complete_genome._	ENA|CP008872|CP008872.1_Pseudomonas_aeruginosa_strain_X78812,_complete_genome._	1299
ENA|AY625898|AY625898.1_Pseudomonas_aeruginosa_phage_F116,_complete_genome._	ENA|CP008872|CP008872.1_Pseudomonas_aeruginosa_strain_X78812,_complete_genome._	291
ENA|AY625898|AY625898.1_Pseudomonas_aeruginosa_phage_F116,_complete_genome._	ENA|CP008872|CP008872.1_Pseudomonas_aeruginosa_strain_X78812,_complete_genome._	291
ENA|AY625898|AY625898.1_Pseudomonas_aeruginosa_phage_F116,_complete_genome._	ENA|CP008872|CP008872.1_Pseudomonas_aeruginosa_strain_X78812,_complete_genome._	62.1
ENA|AY625898|AY625898.1_Pseudomonas_aeruginosa_phage_F116,_complete_genome._	ENA|CP008872|CP008872.1_Pseudomonas_aeruginosa_strain_X78812,_complete_genome._	1299
ENA|AY625898|AY625898.1_Pseudomonas_aeruginosa_phage_F116,_complete_genome._	ENA|CP008872|CP008872.1_Pseudomonas_aeruginosa_strain_X78812,_complete_genome._	291
ENA|AY625898|AY625898.1_Pseudomonas_aeruginosa_phage_F116,_complete_genome._	ENA|CP008872|CP008872.1_Pseudomonas_aeruginosa_strain_X78812,_complete_genome._	291
ENA|AY625898|AY625898.1_Pseudomonas_aeruginosa_phage_F116,_complete_genome._	ENA|CP008872|CP008872.1_Pseudomonas_aeruginosa_strain_X78812,_complete_genome._	62.1
ENA|AY625898|AY625898.1_Pseudomonas_aeruginosa_phage_F116,_complete_genome._	ENA|CP008872|CP008872.1_Pseudomonas_aeruginosa_strain_X78812,_complete_genome._	1299
ENA|AY625898|AY625898.1_Pseudomonas_aeruginosa_phage_F116,_complete_genome._	ENA|CP008872|CP008872.1_Pseudomonas_aeruginosa_strain_X78812,_complete_genome._	291
ENA|AY625898|AY625898.1_Pseudomonas_aeruginosa_phage_F116,_complete_genome._	ENA|CP008872|CP008872.1_Pseudomonas_aeruginosa_strain_X78812,_complete_genome._	291
ENA|AY625898|AY625898.1_Pseudomonas_aeruginosa_phage_F116,_complete_genome._	ENA|CP008872|CP008872.1_Pseudomonas_aeruginosa_strain_X78812,_complete_genome._	62.1
ENA|AY625898|AY625898.1_Pseudomonas_aeruginosa_phage_F116,_complete_genome._	ENA|CP008872|CP008872.1_Pseudomonas_aeruginosa_strain_X78812,_complete_genome._	1299
ENA|AY625898|AY625898.1_Pseudomonas_aeruginosa_phage_F116,_complete_genome._	ENA|CP008872|CP008872.1_Pseudomonas_aeruginosa_strain_X78812,_complete_genome._	291
ENA|AY625898|AY625898.1_Pseudomonas_aeruginosa_phage_F116,_complete_genome._	ENA|CP008872|CP008872.1_Pseudomonas_aeruginosa_strain_X78812,_complete_genome._	291
ENA|AY625898|AY625898.1_Pseudomonas_aeruginosa_phage_F116,_complete_genome._	ENA|CP008872|CP008872.1_Pseudomonas_aeruginosa_strain_X78812,_complete_genome._	62.1
ENA|AY625898|AY625898.1_Pseudomonas_aeruginosa_phage_F116,_complete_genome._	ENA|CP008867|CP008867.1_Pseudomonas_aeruginosa_strain_T52373,_complete_genome._	1299
ENA|AY625898|AY625898.1_Pseudomonas_aeruginosa_phage_F116,_complete_genome._	ENA|CP008867|CP008867.1_Pseudomonas_aeruginosa_strain_T52373,_complete_genome._	291
ENA|AY625898|AY625898.1_Pseudomonas_aeruginosa_phage_F116,_complete_genome._	ENA|CP008867|CP008867.1_Pseudomonas_aeruginosa_strain_T52373,_complete_genome._	291
ENA|AY625898|AY625898.1_Pseudomonas_aeruginosa_phage_F116,_complete_genome._	ENA|CP008867|CP008867.1_Pseudomonas_aeruginosa_strain_T52373,_complete_genome._	1299
ENA|AY625898|AY625898.1_Pseudomonas_aeruginosa_phage_F116,_complete_genome._	ENA|CP008867|CP008867.1_Pseudomonas_aeruginosa_strain_T52373,_complete_genome._	291
ENA|AY625898|AY625898.1_Pseudomonas_aeruginosa_phage_F116,_complete_genome._	ENA|CP008867|CP008867.1_Pseudomonas_aeruginosa_strain_T52373,_complete_genome._	291
ENA|AY625898|AY625898.1_Pseudomonas_aeruginosa_phage_F116,_complete_genome._	ENA|CP008867|CP008867.1_Pseudomonas_aeruginosa_strain_T52373,_complete_genome._	1299
ENA|AY625898|AY625898.1_Pseudomonas_aeruginosa_phage_F116,_complete_genome._	ENA|CP008867|CP008867.1_Pseudomonas_aeruginosa_strain_T52373,_complete_genome._	291
ENA|AY625898|AY625898.1_Pseudomonas_aeruginosa_phage_F116,_complete_genome._	ENA|CP008867|CP008867.1_Pseudomonas_aeruginosa_strain_T52373,_complete_genome._	291
ENA|AY625898|AY625898.1_Pseudomonas_aeruginosa_phage_F116,_complete_genome._	ENA|CP008867|CP008867.1_Pseudomonas_aeruginosa_strain_T52373,_complete_genome._	1299
ENA|AY625898|AY625898.1_Pseudomonas_aeruginosa_phage_F116,_complete_genome._	ENA|CP008867|CP008867.1_Pseudomonas_aeruginosa_strain_T52373,_complete_genome._	291
ENA|AY625898|AY625898.1_Pseudomonas_aeruginosa_phage_F116,_complete_genome._	ENA|CP008867|CP008867.1_Pseudomonas_aeruginosa_strain_T52373,_complete_genome._	291
ENA|AY625898|AY625898.1_Pseudomonas_aeruginosa_phage_F116,_complete_genome._	ENA|CP008857|CP008857.1_Pseudomonas_aeruginosa_strain_F30658,_complete_genome._	1299
ENA|AY625898|AY625898.1_Pseudomonas_aeruginosa_phage_F116,_complete_genome._	ENA|CP008857|CP008857.1_Pseudomonas_aeruginosa_strain_F30658,_complete_genome._	1236
ENA|AY625898|AY625898.1_Pseudomonas_aeruginosa_phage_F116,_complete_genome._	ENA|CP008857|CP008857.1_Pseudomonas_aeruginosa_strain_F30658,_complete_genome._	1170
ENA|AY625898|AY625898.1_Pseudomonas_aeruginosa_phage_F116,_complete_genome._	ENA|CP008857|CP008857.1_Pseudomonas_aeruginosa_strain_F30658,_complete_genome._	996
ENA|AY625898|AY625898.1_Pseudomonas_aeruginosa_phage_F116,_complete_genome._	ENA|CP008857|CP008857.1_Pseudomonas_aeruginosa_strain_F30658,_complete_genome._	760
ENA|AY625898|AY625898.1_Pseudomonas_aeruginosa_phage_F116,_complete_genome._	ENA|CP008857|CP008857.1_Pseudomonas_aeruginosa_strain_F30658,_complete_genome._	682
ENA|AY625898|AY625898.1_Pseudomonas_aeruginosa_phage_F116,_complete_genome._	ENA|CP008857|CP008857.1_Pseudomonas_aeruginosa_strain_F30658,_complete_genome._	676
ENA|AY625898|AY625898.1_Pseudomonas_aeruginosa_phage_F116,_complete_genome._	ENA|CP008857|CP008857.1_Pseudomonas_aeruginosa_strain_F30658,_complete_genome._	658
ENA|AY625898|AY625898.1_Pseudomonas_aeruginosa_phage_F116,_complete_genome._	ENA|CP008857|CP008857.1_Pseudomonas_aeruginosa_strain_F30658,_complete_genome._	420
ENA|AY625898|AY625898.1_Pseudomonas_aeruginosa_phage_F116,_complete_genome._	ENA|CP008857|CP008857.1_Pseudomonas_aeruginosa_strain_F30658,_complete_genome._	291
ENA|AY625898|AY625898.1_Pseudomonas_aeruginosa_phage_F116,_complete_genome._	ENA|CP008857|CP008857.1_Pseudomonas_aeruginosa_strain_F30658,_complete_genome._	291
ENA|AY625898|AY625898.1_Pseudomonas_aeruginosa_phage_F116,_complete_genome._	ENA|CP008857|CP008857.1_Pseudomonas_aeruginosa_strain_F30658,_complete_genome._	1299
ENA|AY625898|AY625898.1_Pseudomonas_aeruginosa_phage_F116,_complete_genome._	ENA|CP008857|CP008857.1_Pseudomonas_aeruginosa_strain_F30658,_complete_genome._	1236
ENA|AY625898|AY625898.1_Pseudomonas_aeruginosa_phage_F116,_complete_genome._	ENA|CP008857|CP008857.1_Pseudomonas_aeruginosa_strain_F30658,_complete_genome._	1170
ENA|AY625898|AY625898.1_Pseudomonas_aeruginosa_phage_F116,_complete_genome._	ENA|CP008857|CP008857.1_Pseudomonas_aeruginosa_strain_F30658,_complete_genome._	996
ENA|AY625898|AY625898.1_Pseudomonas_aeruginosa_phage_F116,_complete_genome._	ENA|CP008857|CP008857.1_Pseudomonas_aeruginosa_strain_F30658,_complete_genome._	760
ENA|AY625898|AY625898.1_Pseudomonas_aeruginosa_phage_F116,_complete_genome._	ENA|CP008857|CP008857.1_Pseudomonas_aeruginosa_strain_F30658,_complete_genome._	682
ENA|AY625898|AY625898.1_Pseudomonas_aeruginosa_phage_F116,_complete_genome._	ENA|CP008857|CP008857.1_Pseudomonas_aeruginosa_strain_F30658,_complete_genome._	676
ENA|AY625898|AY625898.1_Pseudomonas_aeruginosa_phage_F116,_complete_genome._	ENA|CP008857|CP008857.1_Pseudomonas_aeruginosa_strain_F30658,_complete_genome._	658
ENA|AY625898|AY625898.1_Pseudomonas_aeruginosa_phage_F116,_complete_genome._	ENA|CP008857|CP008857.1_Pseudomonas_aeruginosa_strain_F30658,_complete_genome._	420
ENA|AY625898|AY625898.1_Pseudomonas_aeruginosa_phage_F116,_complete_genome._	ENA|CP008857|CP008857.1_Pseudomonas_aeruginosa_strain_F30658,_complete_genome._	291
ENA|AY625898|AY625898.1_Pseudomonas_aeruginosa_phage_F116,_complete_genome._	ENA|CP008857|CP008857.1_Pseudomonas_aeruginosa_strain_F30658,_complete_genome._	291
ENA|AY625898|AY625898.1_Pseudomonas_aeruginosa_phage_F116,_complete_genome._	ENA|CP008857|CP008857.1_Pseudomonas_aeruginosa_strain_F30658,_complete_genome._	1299
ENA|AY625898|AY625898.1_Pseudomonas_aeruginosa_phage_F116,_complete_genome._	ENA|CP008857|CP008857.1_Pseudomonas_aeruginosa_strain_F30658,_complete_genome._	1236
ENA|AY625898|AY625898.1_Pseudomonas_aeruginosa_phage_F116,_complete_genome._	ENA|CP008857|CP008857.1_Pseudomonas_aeruginosa_strain_F30658,_complete_genome._	1170
ENA|AY625898|AY625898.1_Pseudomonas_aeruginosa_phage_F116,_complete_genome._	ENA|CP008857|CP008857.1_Pseudomonas_aeruginosa_strain_F30658,_complete_genome._	996
ENA|AY625898|AY625898.1_Pseudomonas_aeruginosa_phage_F116,_complete_genome._	ENA|CP008857|CP008857.1_Pseudomonas_aeruginosa_strain_F30658,_complete_genome._	760
ENA|AY625898|AY625898.1_Pseudomonas_aeruginosa_phage_F116,_complete_genome._	ENA|CP008857|CP008857.1_Pseudomonas_aeruginosa_strain_F30658,_complete_genome._	682
ENA|AY625898|AY625898.1_Pseudomonas_aeruginosa_phage_F116,_complete_genome._	ENA|CP008857|CP008857.1_Pseudomonas_aeruginosa_strain_F30658,_complete_genome._	676
ENA|AY625898|AY625898.1_Pseudomonas_aeruginosa_phage_F116,_complete_genome._	ENA|CP008857|CP008857.1_Pseudomonas_aeruginosa_strain_F30658,_complete_genome._	658
ENA|AY625898|AY625898.1_Pseudomonas_aeruginosa_phage_F116,_complete_genome._	ENA|CP008857|CP008857.1_Pseudomonas_aeruginosa_strain_F30658,_complete_genome._	420
ENA|AY625898|AY625898.1_Pseudomonas_aeruginosa_phage_F116,_complete_genome._	ENA|CP008857|CP008857.1_Pseudomonas_aeruginosa_strain_F30658,_complete_genome._	291
ENA|AY625898|AY625898.1_Pseudomonas_aeruginosa_phage_F116,_complete_genome._	ENA|CP008857|CP008857.1_Pseudomonas_aeruginosa_strain_F30658,_complete_genome._	291
ENA|AY625898|AY625898.1_Pseudomonas_aeruginosa_phage_F116,_complete_genome._	ENA|CP008857|CP008857.1_Pseudomonas_aeruginosa_strain_F30658,_complete_genome._	1299
ENA|AY625898|AY625898.1_Pseudomonas_aeruginosa_phage_F116,_complete_genome._	ENA|CP008857|CP008857.1_Pseudomonas_aeruginosa_strain_F30658,_complete_genome._	1236
ENA|AY625898|AY625898.1_Pseudomonas_aeruginosa_phage_F116,_complete_genome._	ENA|CP008857|CP008857.1_Pseudomonas_aeruginosa_strain_F30658,_complete_genome._	1170
ENA|AY625898|AY625898.1_Pseudomonas_aeruginosa_phage_F116,_complete_genome._	ENA|CP008857|CP008857.1_Pseudomonas_aeruginosa_strain_F30658,_complete_genome._	996
ENA|AY625898|AY625898.1_Pseudomonas_aeruginosa_phage_F116,_complete_genome._	ENA|CP008857|CP008857.1_Pseudomonas_aeruginosa_strain_F30658,_complete_genome._	760
ENA|AY625898|AY625898.1_Pseudomonas_aeruginosa_phage_F116,_complete_genome._	ENA|CP008857|CP008857.1_Pseudomonas_aeruginosa_strain_F30658,_complete_genome._	682
ENA|AY625898|AY625898.1_Pseudomonas_aeruginosa_phage_F116,_complete_genome._	ENA|CP008857|CP008857.1_Pseudomonas_aeruginosa_strain_F30658,_complete_genome._	676
ENA|AY625898|AY625898.1_Pseudomonas_aeruginosa_phage_F116,_complete_genome._	ENA|CP008857|CP008857.1_Pseudomonas_aeruginosa_strain_F30658,_complete_genome._	658
ENA|AY625898|AY625898.1_Pseudomonas_aeruginosa_phage_F116,_complete_genome._	ENA|CP008857|CP008857.1_Pseudomonas_aeruginosa_strain_F30658,_complete_genome._	420
ENA|AY625898|AY625898.1_Pseudomonas_aeruginosa_phage_F116,_complete_genome._	ENA|CP008857|CP008857.1_Pseudomonas_aeruginosa_strain_F30658,_complete_genome._	291
ENA|AY625898|AY625898.1_Pseudomonas_aeruginosa_phage_F116,_complete_genome._	ENA|CP008857|CP008857.1_Pseudomonas_aeruginosa_strain_F30658,_complete_genome._	291
ENA|AY625898|AY625898.1_Pseudomonas_aeruginosa_phage_F116,_complete_genome._	ENA|CP014343|CP014343.1_Pseudomonas_putida_strain_1A00316,_complete_genome._	822
ENA|AY625898|AY625898.1_Pseudomonas_aeruginosa_phage_F116,_complete_genome._	ENA|AE015451|AE015451.2_Pseudomonas_putida_KT2440_complete_genome._	734
ENA|DQ831957|DQ831957.1_Staphylococcus_phage_CNPH82,_complete_genome._	ENA|FN433596|FN433596.1_Staphylococcus_aureus_subsp._aureus_TW20,_complete_genome_	1576
ENA|DQ831957|DQ831957.1_Staphylococcus_phage_CNPH82,_complete_genome._	ENA|FN433596|FN433596.1_Staphylococcus_aureus_subsp._aureus_TW20,_complete_genome_	84.2
ENA|DQ831957|DQ831957.1_Staphylococcus_phage_CNPH82,_complete_genome._	ENA|FN433596|FN433596.1_Staphylococcus_aureus_subsp._aureus_TW20,_complete_genome_	63.9
ENA|DQ831957|DQ831957.1_Staphylococcus_phage_CNPH82,_complete_genome._	ENA|AM990992|AM990992.1_Staphylococcus_aureus_subsp._aureus_ST398_complete_genome_	377
ENA|DQ831957|DQ831957.1_Staphylococcus_phage_CNPH82,_complete_genome._	ENA|CP009361|CP009361.1_Staphylococcus_aureus_subsp._aureus_strain_ATCC_25923,_complete_genome._	84.2
ENA|FR775895|FR775895.2_Enterobacteria_phage_phi92,_complete_genome_	ENA|CP014099|CP014099.1_Shigella_sonnei_strain_FDAARGOS_90,_complete_genome._	75.0
ENA|FR775895|FR775895.2_Enterobacteria_phage_phi92,_complete_genome_	ENA|CP010829|CP010829.1_Shigella_sonnei_strain_FORC_011,_complete_genome._	75.0
ENA|FR775895|FR775895.2_Enterobacteria_phage_phi92,_complete_genome_	ENA|CP007037|CP007037.1_Shigella_flexneri_G1663,_complete_genome._	52.8
ENA|FR775895|FR775895.2_Enterobacteria_phage_phi92,_complete_genome_	ENA|CP001383|CP001383.1_Shigella_flexneri_2002017,_complete_genome._	52.8
ENA|GQ421471|GQ421471.1_Xylella_phage_Xfas53,_complete_genome._	ENA|AE009442|AE009442.1_Xylella_fastidiosa_Temecula1,_complete_genome._	8637
ENA|GQ421471|GQ421471.1_Xylella_phage_Xfas53,_complete_genome._	ENA|AE009442|AE009442.1_Xylella_fastidiosa_Temecula1,_complete_genome._	5321
ENA|GQ421471|GQ421471.1_Xylella_phage_Xfas53,_complete_genome._	ENA|AE009442|AE009442.1_Xylella_fastidiosa_Temecula1,_complete_genome._	4987
ENA|GQ421471|GQ421471.1_Xylella_phage_Xfas53,_complete_genome._	ENA|AE009442|AE009442.1_Xylella_fastidiosa_Temecula1,_complete_genome._	4771
ENA|GQ421471|GQ421471.1_Xylella_phage_Xfas53,_complete_genome._	ENA|AE009442|AE009442.1_Xylella_fastidiosa_Temecula1,_complete_genome._	4540
ENA|GQ421471|GQ421471.1_Xylella_phage_Xfas53,_complete_genome._	ENA|AE009442|AE009442.1_Xylella_fastidiosa_Temecula1,_complete_genome._	4440
ENA|GQ421471|GQ421471.1_Xylella_phage_Xfas53,_complete_genome._	ENA|AE009442|AE009442.1_Xylella_fastidiosa_Temecula1,_complete_genome._	4440
ENA|GQ421471|GQ421471.1_Xylella_phage_Xfas53,_complete_genome._	ENA|AE009442|AE009442.1_Xylella_fastidiosa_Temecula1,_complete_genome._	2976
ENA|GQ421471|GQ421471.1_Xylella_phage_Xfas53,_complete_genome._	ENA|AE009442|AE009442.1_Xylella_fastidiosa_Temecula1,_complete_genome._	2154
ENA|GQ421471|GQ421471.1_Xylella_phage_Xfas53,_complete_genome._	ENA|AE009442|AE009442.1_Xylella_fastidiosa_Temecula1,_complete_genome._	1905
ENA|GQ421471|GQ421471.1_Xylella_phage_Xfas53,_complete_genome._	ENA|AE009442|AE009442.1_Xylella_fastidiosa_Temecula1,_complete_genome._	1884
ENA|GQ421471|GQ421471.1_Xylella_phage_Xfas53,_complete_genome._	ENA|AE009442|AE009442.1_Xylella_fastidiosa_Temecula1,_complete_genome._	1683
ENA|GQ421471|GQ421471.1_Xylella_phage_Xfas53,_complete_genome._	ENA|AE009442|AE009442.1_Xylella_fastidiosa_Temecula1,_complete_genome._	1624
ENA|GQ421471|GQ421471.1_Xylella_phage_Xfas53,_complete_genome._	ENA|AE009442|AE009442.1_Xylella_fastidiosa_Temecula1,_complete_genome._	1520
ENA|GQ421471|GQ421471.1_Xylella_phage_Xfas53,_complete_genome._	ENA|AE009442|AE009442.1_Xylella_fastidiosa_Temecula1,_complete_genome._	1251
ENA|GQ421471|GQ421471.1_Xylella_phage_Xfas53,_complete_genome._	ENA|AE009442|AE009442.1_Xylella_fastidiosa_Temecula1,_complete_genome._	1203
ENA|GQ421471|GQ421471.1_Xylella_phage_Xfas53,_complete_genome._	ENA|AE009442|AE009442.1_Xylella_fastidiosa_Temecula1,_complete_genome._	1066
ENA|GQ421471|GQ421471.1_Xylella_phage_Xfas53,_complete_genome._	ENA|AE009442|AE009442.1_Xylella_fastidiosa_Temecula1,_complete_genome._	1066
ENA|GQ421471|GQ421471.1_Xylella_phage_Xfas53,_complete_genome._	ENA|AE009442|AE009442.1_Xylella_fastidiosa_Temecula1,_complete_genome._	859
ENA|GQ421471|GQ421471.1_Xylella_phage_Xfas53,_complete_genome._	ENA|AE009442|AE009442.1_Xylella_fastidiosa_Temecula1,_complete_genome._	826
ENA|GQ421471|GQ421471.1_Xylella_phage_Xfas53,_complete_genome._	ENA|AE009442|AE009442.1_Xylella_fastidiosa_Temecula1,_complete_genome._	808
ENA|GQ421471|GQ421471.1_Xylella_phage_Xfas53,_complete_genome._	ENA|AE009442|AE009442.1_Xylella_fastidiosa_Temecula1,_complete_genome._	732
ENA|GQ421471|GQ421471.1_Xylella_phage_Xfas53,_complete_genome._	ENA|AE009442|AE009442.1_Xylella_fastidiosa_Temecula1,_complete_genome._	715
ENA|GQ421471|GQ421471.1_Xylella_phage_Xfas53,_complete_genome._	ENA|AE009442|AE009442.1_Xylella_fastidiosa_Temecula1,_complete_genome._	538
ENA|GQ421471|GQ421471.1_Xylella_phage_Xfas53,_complete_genome._	ENA|AE009442|AE009442.1_Xylella_fastidiosa_Temecula1,_complete_genome._	538
ENA|GQ421471|GQ421471.1_Xylella_phage_Xfas53,_complete_genome._	ENA|AE009442|AE009442.1_Xylella_fastidiosa_Temecula1,_complete_genome._	459
ENA|GQ421471|GQ421471.1_Xylella_phage_Xfas53,_complete_genome._	ENA|AE009442|AE009442.1_Xylella_fastidiosa_Temecula1,_complete_genome._	383
ENA|GQ421471|GQ421471.1_Xylella_phage_Xfas53,_complete_genome._	ENA|AE009442|AE009442.1_Xylella_fastidiosa_Temecula1,_complete_genome._	370
ENA|GQ421471|GQ421471.1_Xylella_phage_Xfas53,_complete_genome._	ENA|AE009442|AE009442.1_Xylella_fastidiosa_Temecula1,_complete_genome._	353
ENA|GQ421471|GQ421471.1_Xylella_phage_Xfas53,_complete_genome._	ENA|AE009442|AE009442.1_Xylella_fastidiosa_Temecula1,_complete_genome._	350
ENA|GQ421471|GQ421471.1_Xylella_phage_Xfas53,_complete_genome._	ENA|AE009442|AE009442.1_Xylella_fastidiosa_Temecula1,_complete_genome._	324
ENA|GQ421471|GQ421471.1_Xylella_phage_Xfas53,_complete_genome._	ENA|AE009442|AE009442.1_Xylella_fastidiosa_Temecula1,_complete_genome._	298
ENA|GQ421471|GQ421471.1_Xylella_phage_Xfas53,_complete_genome._	ENA|AE009442|AE009442.1_Xylella_fastidiosa_Temecula1,_complete_genome._	259
ENA|GQ421471|GQ421471.1_Xylella_phage_Xfas53,_complete_genome._	ENA|AE009442|AE009442.1_Xylella_fastidiosa_Temecula1,_complete_genome._	254
ENA|GQ421471|GQ421471.1_Xylella_phage_Xfas53,_complete_genome._	ENA|AE009442|AE009442.1_Xylella_fastidiosa_Temecula1,_complete_genome._	244
ENA|GQ421471|GQ421471.1_Xylella_phage_Xfas53,_complete_genome._	ENA|AE009442|AE009442.1_Xylella_fastidiosa_Temecula1,_complete_genome._	243
ENA|GQ421471|GQ421471.1_Xylella_phage_Xfas53,_complete_genome._	ENA|AE009442|AE009442.1_Xylella_fastidiosa_Temecula1,_complete_genome._	191
ENA|GQ421471|GQ421471.1_Xylella_phage_Xfas53,_complete_genome._	ENA|AE009442|AE009442.1_Xylella_fastidiosa_Temecula1,_complete_genome._	171
ENA|GQ421471|GQ421471.1_Xylella_phage_Xfas53,_complete_genome._	ENA|AE009442|AE009442.1_Xylella_fastidiosa_Temecula1,_complete_genome._	163
ENA|GQ421471|GQ421471.1_Xylella_phage_Xfas53,_complete_genome._	ENA|AE009442|AE009442.1_Xylella_fastidiosa_Temecula1,_complete_genome._	145
ENA|GQ421471|GQ421471.1_Xylella_phage_Xfas53,_complete_genome._	ENA|AE009442|AE009442.1_Xylella_fastidiosa_Temecula1,_complete_genome._	139
ENA|GQ421471|GQ421471.1_Xylella_phage_Xfas53,_complete_genome._	ENA|AE009442|AE009442.1_Xylella_fastidiosa_Temecula1,_complete_genome._	128
ENA|GQ421471|GQ421471.1_Xylella_phage_Xfas53,_complete_genome._	ENA|AE009442|AE009442.1_Xylella_fastidiosa_Temecula1,_complete_genome._	110
ENA|GQ421471|GQ421471.1_Xylella_phage_Xfas53,_complete_genome._	ENA|AE009442|AE009442.1_Xylella_fastidiosa_Temecula1,_complete_genome._	104
ENA|GQ421471|GQ421471.1_Xylella_phage_Xfas53,_complete_genome._	ENA|AE009442|AE009442.1_Xylella_fastidiosa_Temecula1,_complete_genome._	99.0
ENA|GQ421471|GQ421471.1_Xylella_phage_Xfas53,_complete_genome._	ENA|AE009442|AE009442.1_Xylella_fastidiosa_Temecula1,_complete_genome._	91.6
ENA|GQ421471|GQ421471.1_Xylella_phage_Xfas53,_complete_genome._	ENA|AE009442|AE009442.1_Xylella_fastidiosa_Temecula1,_complete_genome._	86.1
ENA|GQ421471|GQ421471.1_Xylella_phage_Xfas53,_complete_genome._	ENA|AE009442|AE009442.1_Xylella_fastidiosa_Temecula1,_complete_genome._	84.2
ENA|GQ421471|GQ421471.1_Xylella_phage_Xfas53,_complete_genome._	ENA|AE009442|AE009442.1_Xylella_fastidiosa_Temecula1,_complete_genome._	56.5
ENA|GQ421471|GQ421471.1_Xylella_phage_Xfas53,_complete_genome._	ENA|CP000941|CP000941.1_Xylella_fastidiosa_M12,_complete_genome._	5024
ENA|GQ421471|GQ421471.1_Xylella_phage_Xfas53,_complete_genome._	ENA|CP000941|CP000941.1_Xylella_fastidiosa_M12,_complete_genome._	4464
ENA|GQ421471|GQ421471.1_Xylella_phage_Xfas53,_complete_genome._	ENA|CP000941|CP000941.1_Xylella_fastidiosa_M12,_complete_genome._	4407
ENA|GQ421471|GQ421471.1_Xylella_phage_Xfas53,_complete_genome._	ENA|CP000941|CP000941.1_Xylella_fastidiosa_M12,_complete_genome._	3116
ENA|GQ421471|GQ421471.1_Xylella_phage_Xfas53,_complete_genome._	ENA|CP000941|CP000941.1_Xylella_fastidiosa_M12,_complete_genome._	2233
ENA|GQ421471|GQ421471.1_Xylella_phage_Xfas53,_complete_genome._	ENA|CP000941|CP000941.1_Xylella_fastidiosa_M12,_complete_genome._	2174
ENA|GQ421471|GQ421471.1_Xylella_phage_Xfas53,_complete_genome._	ENA|CP000941|CP000941.1_Xylella_fastidiosa_M12,_complete_genome._	1600
ENA|GQ421471|GQ421471.1_Xylella_phage_Xfas53,_complete_genome._	ENA|CP000941|CP000941.1_Xylella_fastidiosa_M12,_complete_genome._	1559
ENA|GQ421471|GQ421471.1_Xylella_phage_Xfas53,_complete_genome._	ENA|CP000941|CP000941.1_Xylella_fastidiosa_M12,_complete_genome._	1502
ENA|GQ421471|GQ421471.1_Xylella_phage_Xfas53,_complete_genome._	ENA|CP000941|CP000941.1_Xylella_fastidiosa_M12,_complete_genome._	1454
ENA|GQ421471|GQ421471.1_Xylella_phage_Xfas53,_complete_genome._	ENA|CP000941|CP000941.1_Xylella_fastidiosa_M12,_complete_genome._	1299
ENA|GQ421471|GQ421471.1_Xylella_phage_Xfas53,_complete_genome._	ENA|CP000941|CP000941.1_Xylella_fastidiosa_M12,_complete_genome._	1136
ENA|GQ421471|GQ421471.1_Xylella_phage_Xfas53,_complete_genome._	ENA|CP000941|CP000941.1_Xylella_fastidiosa_M12,_complete_genome._	876
ENA|GQ421471|GQ421471.1_Xylella_phage_Xfas53,_complete_genome._	ENA|CP000941|CP000941.1_Xylella_fastidiosa_M12,_complete_genome._	841
ENA|GQ421471|GQ421471.1_Xylella_phage_Xfas53,_complete_genome._	ENA|CP000941|CP000941.1_Xylella_fastidiosa_M12,_complete_genome._	741
ENA|GQ421471|GQ421471.1_Xylella_phage_Xfas53,_complete_genome._	ENA|CP000941|CP000941.1_Xylella_fastidiosa_M12,_complete_genome._	638
ENA|GQ421471|GQ421471.1_Xylella_phage_Xfas53,_complete_genome._	ENA|CP000941|CP000941.1_Xylella_fastidiosa_M12,_complete_genome._	538
ENA|GQ421471|GQ421471.1_Xylella_phage_Xfas53,_complete_genome._	ENA|CP000941|CP000941.1_Xylella_fastidiosa_M12,_complete_genome._	494
ENA|GQ421471|GQ421471.1_Xylella_phage_Xfas53,_complete_genome._	ENA|CP000941|CP000941.1_Xylella_fastidiosa_M12,_complete_genome._	438
ENA|GQ421471|GQ421471.1_Xylella_phage_Xfas53,_complete_genome._	ENA|CP000941|CP000941.1_Xylella_fastidiosa_M12,_complete_genome._	396
ENA|GQ421471|GQ421471.1_Xylella_phage_Xfas53,_complete_genome._	ENA|CP000941|CP000941.1_Xylella_fastidiosa_M12,_complete_genome._	387
ENA|GQ421471|GQ421471.1_Xylella_phage_Xfas53,_complete_genome._	ENA|CP000941|CP000941.1_Xylella_fastidiosa_M12,_complete_genome._	357
ENA|GQ421471|GQ421471.1_Xylella_phage_Xfas53,_complete_genome._	ENA|CP000941|CP000941.1_Xylella_fastidiosa_M12,_complete_genome._	346
ENA|GQ421471|GQ421471.1_Xylella_phage_Xfas53,_complete_genome._	ENA|CP000941|CP000941.1_Xylella_fastidiosa_M12,_complete_genome._	185
ENA|GQ421471|GQ421471.1_Xylella_phage_Xfas53,_complete_genome._	ENA|CP000941|CP000941.1_Xylella_fastidiosa_M12,_complete_genome._	183
ENA|GQ421471|GQ421471.1_Xylella_phage_Xfas53,_complete_genome._	ENA|CP000941|CP000941.1_Xylella_fastidiosa_M12,_complete_genome._	124
ENA|GQ421471|GQ421471.1_Xylella_phage_Xfas53,_complete_genome._	ENA|CP000941|CP000941.1_Xylella_fastidiosa_M12,_complete_genome._	122
ENA|GQ421471|GQ421471.1_Xylella_phage_Xfas53,_complete_genome._	ENA|CP000941|CP000941.1_Xylella_fastidiosa_M12,_complete_genome._	100
ENA|GQ421471|GQ421471.1_Xylella_phage_Xfas53,_complete_genome._	ENA|CP000941|CP000941.1_Xylella_fastidiosa_M12,_complete_genome._	97.1
ENA|GQ421471|GQ421471.1_Xylella_phage_Xfas53,_complete_genome._	ENA|CP000941|CP000941.1_Xylella_fastidiosa_M12,_complete_genome._	91.6
ENA|GQ421471|GQ421471.1_Xylella_phage_Xfas53,_complete_genome._	ENA|CP000941|CP000941.1_Xylella_fastidiosa_M12,_complete_genome._	84.2
ENA|GQ421471|GQ421471.1_Xylella_phage_Xfas53,_complete_genome._	ENA|CP000941|CP000941.1_Xylella_fastidiosa_M12,_complete_genome._	62.1
ENA|GQ421471|GQ421471.1_Xylella_phage_Xfas53,_complete_genome._	ENA|AE003849|AE003849.1_Xylella_fastidiosa_9a5c,_complete_genome._	4045
ENA|GQ421471|GQ421471.1_Xylella_phage_Xfas53,_complete_genome._	ENA|AE003849|AE003849.1_Xylella_fastidiosa_9a5c,_complete_genome._	4037
ENA|GQ421471|GQ421471.1_Xylella_phage_Xfas53,_complete_genome._	ENA|AE003849|AE003849.1_Xylella_fastidiosa_9a5c,_complete_genome._	3956
ENA|GQ421471|GQ421471.1_Xylella_phage_Xfas53,_complete_genome._	ENA|AE003849|AE003849.1_Xylella_fastidiosa_9a5c,_complete_genome._	3258
ENA|GQ421471|GQ421471.1_Xylella_phage_Xfas53,_complete_genome._	ENA|AE003849|AE003849.1_Xylella_fastidiosa_9a5c,_complete_genome._	2806
ENA|GQ421471|GQ421471.1_Xylella_phage_Xfas53,_complete_genome._	ENA|AE003849|AE003849.1_Xylella_fastidiosa_9a5c,_complete_genome._	2789
ENA|GQ421471|GQ421471.1_Xylella_phage_Xfas53,_complete_genome._	ENA|AE003849|AE003849.1_Xylella_fastidiosa_9a5c,_complete_genome._	2305
ENA|GQ421471|GQ421471.1_Xylella_phage_Xfas53,_complete_genome._	ENA|AE003849|AE003849.1_Xylella_fastidiosa_9a5c,_complete_genome._	1868
ENA|GQ421471|GQ421471.1_Xylella_phage_Xfas53,_complete_genome._	ENA|AE003849|AE003849.1_Xylella_fastidiosa_9a5c,_complete_genome._	1851
ENA|GQ421471|GQ421471.1_Xylella_phage_Xfas53,_complete_genome._	ENA|AE003849|AE003849.1_Xylella_fastidiosa_9a5c,_complete_genome._	1744
ENA|GQ421471|GQ421471.1_Xylella_phage_Xfas53,_complete_genome._	ENA|AE003849|AE003849.1_Xylella_fastidiosa_9a5c,_complete_genome._	1707
ENA|GQ421471|GQ421471.1_Xylella_phage_Xfas53,_complete_genome._	ENA|AE003849|AE003849.1_Xylella_fastidiosa_9a5c,_complete_genome._	1502
ENA|GQ421471|GQ421471.1_Xylella_phage_Xfas53,_complete_genome._	ENA|AE003849|AE003849.1_Xylella_fastidiosa_9a5c,_complete_genome._	1485
ENA|GQ421471|GQ421471.1_Xylella_phage_Xfas53,_complete_genome._	ENA|AE003849|AE003849.1_Xylella_fastidiosa_9a5c,_complete_genome._	987
ENA|GQ421471|GQ421471.1_Xylella_phage_Xfas53,_complete_genome._	ENA|AE003849|AE003849.1_Xylella_fastidiosa_9a5c,_complete_genome._	806
ENA|GQ421471|GQ421471.1_Xylella_phage_Xfas53,_complete_genome._	ENA|AE003849|AE003849.1_Xylella_fastidiosa_9a5c,_complete_genome._	604
ENA|GQ421471|GQ421471.1_Xylella_phage_Xfas53,_complete_genome._	ENA|AE003849|AE003849.1_Xylella_fastidiosa_9a5c,_complete_genome._	597
ENA|GQ421471|GQ421471.1_Xylella_phage_Xfas53,_complete_genome._	ENA|AE003849|AE003849.1_Xylella_fastidiosa_9a5c,_complete_genome._	525
ENA|GQ421471|GQ421471.1_Xylella_phage_Xfas53,_complete_genome._	ENA|AE003849|AE003849.1_Xylella_fastidiosa_9a5c,_complete_genome._	448
ENA|GQ421471|GQ421471.1_Xylella_phage_Xfas53,_complete_genome._	ENA|AE003849|AE003849.1_Xylella_fastidiosa_9a5c,_complete_genome._	438
ENA|GQ421471|GQ421471.1_Xylella_phage_Xfas53,_complete_genome._	ENA|AE003849|AE003849.1_Xylella_fastidiosa_9a5c,_complete_genome._	435
ENA|GQ421471|GQ421471.1_Xylella_phage_Xfas53,_complete_genome._	ENA|AE003849|AE003849.1_Xylella_fastidiosa_9a5c,_complete_genome._	435
ENA|GQ421471|GQ421471.1_Xylella_phage_Xfas53,_complete_genome._	ENA|AE003849|AE003849.1_Xylella_fastidiosa_9a5c,_complete_genome._	392
ENA|GQ421471|GQ421471.1_Xylella_phage_Xfas53,_complete_genome._	ENA|AE003849|AE003849.1_Xylella_fastidiosa_9a5c,_complete_genome._	392
ENA|GQ421471|GQ421471.1_Xylella_phage_Xfas53,_complete_genome._	ENA|AE003849|AE003849.1_Xylella_fastidiosa_9a5c,_complete_genome._	348
ENA|GQ421471|GQ421471.1_Xylella_phage_Xfas53,_complete_genome._	ENA|AE003849|AE003849.1_Xylella_fastidiosa_9a5c,_complete_genome._	331
ENA|GQ421471|GQ421471.1_Xylella_phage_Xfas53,_complete_genome._	ENA|AE003849|AE003849.1_Xylella_fastidiosa_9a5c,_complete_genome._	311
ENA|GQ421471|GQ421471.1_Xylella_phage_Xfas53,_complete_genome._	ENA|AE003849|AE003849.1_Xylella_fastidiosa_9a5c,_complete_genome._	294
ENA|GQ421471|GQ421471.1_Xylella_phage_Xfas53,_complete_genome._	ENA|AE003849|AE003849.1_Xylella_fastidiosa_9a5c,_complete_genome._	285
ENA|GQ421471|GQ421471.1_Xylella_phage_Xfas53,_complete_genome._	ENA|AE003849|AE003849.1_Xylella_fastidiosa_9a5c,_complete_genome._	257
ENA|GQ421471|GQ421471.1_Xylella_phage_Xfas53,_complete_genome._	ENA|AE003849|AE003849.1_Xylella_fastidiosa_9a5c,_complete_genome._	252
ENA|GQ421471|GQ421471.1_Xylella_phage_Xfas53,_complete_genome._	ENA|AE003849|AE003849.1_Xylella_fastidiosa_9a5c,_complete_genome._	215
ENA|GQ421471|GQ421471.1_Xylella_phage_Xfas53,_complete_genome._	ENA|AE003849|AE003849.1_Xylella_fastidiosa_9a5c,_complete_genome._	204
ENA|GQ421471|GQ421471.1_Xylella_phage_Xfas53,_complete_genome._	ENA|AE003849|AE003849.1_Xylella_fastidiosa_9a5c,_complete_genome._	171
ENA|GQ421471|GQ421471.1_Xylella_phage_Xfas53,_complete_genome._	ENA|AE003849|AE003849.1_Xylella_fastidiosa_9a5c,_complete_genome._	165
ENA|GQ421471|GQ421471.1_Xylella_phage_Xfas53,_complete_genome._	ENA|AE003849|AE003849.1_Xylella_fastidiosa_9a5c,_complete_genome._	158
ENA|GQ421471|GQ421471.1_Xylella_phage_Xfas53,_complete_genome._	ENA|AE003849|AE003849.1_Xylella_fastidiosa_9a5c,_complete_genome._	150
ENA|GQ421471|GQ421471.1_Xylella_phage_Xfas53,_complete_genome._	ENA|AE003849|AE003849.1_Xylella_fastidiosa_9a5c,_complete_genome._	143
ENA|GQ421471|GQ421471.1_Xylella_phage_Xfas53,_complete_genome._	ENA|AE003849|AE003849.1_Xylella_fastidiosa_9a5c,_complete_genome._	141
ENA|GQ421471|GQ421471.1_Xylella_phage_Xfas53,_complete_genome._	ENA|AE003849|AE003849.1_Xylella_fastidiosa_9a5c,_complete_genome._	80.5
ENA|GQ421471|GQ421471.1_Xylella_phage_Xfas53,_complete_genome._	ENA|AE003849|AE003849.1_Xylella_fastidiosa_9a5c,_complete_genome._	80.5
ENA|GQ421471|GQ421471.1_Xylella_phage_Xfas53,_complete_genome._	ENA|AE003849|AE003849.1_Xylella_fastidiosa_9a5c,_complete_genome._	78.7
ENA|GQ421471|GQ421471.1_Xylella_phage_Xfas53,_complete_genome._	ENA|AE003849|AE003849.1_Xylella_fastidiosa_9a5c,_complete_genome._	78.7
ENA|GQ421471|GQ421471.1_Xylella_phage_Xfas53,_complete_genome._	ENA|AE003849|AE003849.1_Xylella_fastidiosa_9a5c,_complete_genome._	78.7
ENA|GQ421471|GQ421471.1_Xylella_phage_Xfas53,_complete_genome._	ENA|AE003849|AE003849.1_Xylella_fastidiosa_9a5c,_complete_genome._	67.6
ENA|HG799496|HG799496.1_Streptococcus_phage_K13,_complete_sequence_	ENA|CP003357|CP003357.2_Streptococcus_pneumoniae_ST556,_complete_genome._	1315
ENA|HG799496|HG799496.1_Streptococcus_phage_K13,_complete_sequence_	ENA|CP003357|CP003357.2_Streptococcus_pneumoniae_ST556,_complete_genome._	579
ENA|HG799496|HG799496.1_Streptococcus_phage_K13,_complete_sequence_	ENA|CP003357|CP003357.2_Streptococcus_pneumoniae_ST556,_complete_genome._	464
ENA|HG799496|HG799496.1_Streptococcus_phage_K13,_complete_sequence_	ENA|CP003357|CP003357.2_Streptococcus_pneumoniae_ST556,_complete_genome._	289
ENA|HG799496|HG799496.1_Streptococcus_phage_K13,_complete_sequence_	ENA|CP003357|CP003357.2_Streptococcus_pneumoniae_ST556,_complete_genome._	285
ENA|HG799496|HG799496.1_Streptococcus_phage_K13,_complete_sequence_	ENA|CP003357|CP003357.2_Streptococcus_pneumoniae_ST556,_complete_genome._	121
ENA|HG799496|HG799496.1_Streptococcus_phage_K13,_complete_sequence_	ENA|CP003357|CP003357.2_Streptococcus_pneumoniae_ST556,_complete_genome._	104
ENA|HG799496|HG799496.1_Streptococcus_phage_K13,_complete_sequence_	ENA|CP003357|CP003357.2_Streptococcus_pneumoniae_ST556,_complete_genome._	76.8
ENA|HG799496|HG799496.1_Streptococcus_phage_K13,_complete_sequence_	ENA|CP003357|CP003357.2_Streptococcus_pneumoniae_ST556,_complete_genome._	1315
ENA|HG799496|HG799496.1_Streptococcus_phage_K13,_complete_sequence_	ENA|CP003357|CP003357.2_Streptococcus_pneumoniae_ST556,_complete_genome._	579
ENA|HG799496|HG799496.1_Streptococcus_phage_K13,_complete_sequence_	ENA|CP003357|CP003357.2_Streptococcus_pneumoniae_ST556,_complete_genome._	464
ENA|HG799496|HG799496.1_Streptococcus_phage_K13,_complete_sequence_	ENA|CP003357|CP003357.2_Streptococcus_pneumoniae_ST556,_complete_genome._	289
ENA|HG799496|HG799496.1_Streptococcus_phage_K13,_complete_sequence_	ENA|CP003357|CP003357.2_Streptococcus_pneumoniae_ST556,_complete_genome._	285
ENA|HG799496|HG799496.1_Streptococcus_phage_K13,_complete_sequence_	ENA|CP003357|CP003357.2_Streptococcus_pneumoniae_ST556,_complete_genome._	121
ENA|HG799496|HG799496.1_Streptococcus_phage_K13,_complete_sequence_	ENA|CP003357|CP003357.2_Streptococcus_pneumoniae_ST556,_complete_genome._	104
ENA|HG799496|HG799496.1_Streptococcus_phage_K13,_complete_sequence_	ENA|CP003357|CP003357.2_Streptococcus_pneumoniae_ST556,_complete_genome._	76.8
ENA|HG799496|HG799496.1_Streptococcus_phage_K13,_complete_sequence_	ENA|FQ312029|FQ312029.1_Streptococcus_pneumoniae_INV200_genome._	470
ENA|HG799496|HG799496.1_Streptococcus_phage_K13,_complete_sequence_	ENA|FQ312029|FQ312029.1_Streptococcus_pneumoniae_INV200_genome._	340
ENA|HG799496|HG799496.1_Streptococcus_phage_K13,_complete_sequence_	ENA|FQ312029|FQ312029.1_Streptococcus_pneumoniae_INV200_genome._	470
ENA|HG799496|HG799496.1_Streptococcus_phage_K13,_complete_sequence_	ENA|FQ312029|FQ312029.1_Streptococcus_pneumoniae_INV200_genome._	340
ENA|HG799496|HG799496.1_Streptococcus_phage_K13,_complete_sequence_	ENA|CP006844|CP006844.1_Streptococcus_pneumoniae_A026_genome._	464
ENA|HG799496|HG799496.1_Streptococcus_phage_K13,_complete_sequence_	ENA|CP006844|CP006844.1_Streptococcus_pneumoniae_A026_genome._	289
ENA|HG799496|HG799496.1_Streptococcus_phage_K13,_complete_sequence_	ENA|CP006844|CP006844.1_Streptococcus_pneumoniae_A026_genome._	464
ENA|HG799496|HG799496.1_Streptococcus_phage_K13,_complete_sequence_	ENA|CP006844|CP006844.1_Streptococcus_pneumoniae_A026_genome._	289
ENA|HM029250|HM029250.1_Lactococcus_phage_949,_complete_genome._	ENA|CP003132|CP003132.1_Lactococcus_lactis_subsp._cremoris_A76,_complete_genome._	281
ENA|HM029250|HM029250.1_Lactococcus_phage_949,_complete_genome._	ENA|CP003132|CP003132.1_Lactococcus_lactis_subsp._cremoris_A76,_complete_genome._	102
ENA|HM029250|HM029250.1_Lactococcus_phage_949,_complete_genome._	ENA|CP003132|CP003132.1_Lactococcus_lactis_subsp._cremoris_A76,_complete_genome._	75.0
ENA|HM029250|HM029250.1_Lactococcus_phage_949,_complete_genome._	ENA|CP003132|CP003132.1_Lactococcus_lactis_subsp._cremoris_A76,_complete_genome._	71.3
ENA|HM029250|HM029250.1_Lactococcus_phage_949,_complete_genome._	ENA|CP003132|CP003132.1_Lactococcus_lactis_subsp._cremoris_A76,_complete_genome._	58.4
ENA|HM029250|HM029250.1_Lactococcus_phage_949,_complete_genome._	ENA|CP003132|CP003132.1_Lactococcus_lactis_subsp._cremoris_A76,_complete_genome._	54.7
ENA|HM029250|HM029250.1_Lactococcus_phage_949,_complete_genome._	ENA|CP002365|CP002365.1_Lactococcus_lactis_subsp._lactis_CV56,_complete_genome._	250
ENA|HM029250|HM029250.1_Lactococcus_phage_949,_complete_genome._	ENA|CP002365|CP002365.1_Lactococcus_lactis_subsp._lactis_CV56,_complete_genome._	250
ENA|HM029250|HM029250.1_Lactococcus_phage_949,_complete_genome._	ENA|CP002365|CP002365.1_Lactococcus_lactis_subsp._lactis_CV56,_complete_genome._	250
ENA|HM029250|HM029250.1_Lactococcus_phage_949,_complete_genome._	ENA|CP002365|CP002365.1_Lactococcus_lactis_subsp._lactis_CV56,_complete_genome._	202
ENA|HM029250|HM029250.1_Lactococcus_phage_949,_complete_genome._	ENA|CP002365|CP002365.1_Lactococcus_lactis_subsp._lactis_CV56,_complete_genome._	108
ENA|HM029250|HM029250.1_Lactococcus_phage_949,_complete_genome._	ENA|CP002365|CP002365.1_Lactococcus_lactis_subsp._lactis_CV56,_complete_genome._	95.3
ENA|HM029250|HM029250.1_Lactococcus_phage_949,_complete_genome._	ENA|CP002365|CP002365.1_Lactococcus_lactis_subsp._lactis_CV56,_complete_genome._	93.5
ENA|HM029250|HM029250.1_Lactococcus_phage_949,_complete_genome._	ENA|CP002365|CP002365.1_Lactococcus_lactis_subsp._lactis_CV56,_complete_genome._	93.5
ENA|HM029250|HM029250.1_Lactococcus_phage_949,_complete_genome._	ENA|CP002365|CP002365.1_Lactococcus_lactis_subsp._lactis_CV56,_complete_genome._	75.0
ENA|HM029250|HM029250.1_Lactococcus_phage_949,_complete_genome._	ENA|CP002365|CP002365.1_Lactococcus_lactis_subsp._lactis_CV56,_complete_genome._	75.0
ENA|HM029250|HM029250.1_Lactococcus_phage_949,_complete_genome._	ENA|CP002365|CP002365.1_Lactococcus_lactis_subsp._lactis_CV56,_complete_genome._	73.1
ENA|HM029250|HM029250.1_Lactococcus_phage_949,_complete_genome._	ENA|CP002365|CP002365.1_Lactococcus_lactis_subsp._lactis_CV56,_complete_genome._	54.7
ENA|HM029250|HM029250.1_Lactococcus_phage_949,_complete_genome._	ENA|CP002365|CP002365.1_Lactococcus_lactis_subsp._lactis_CV56,_complete_genome._	54.7
ENA|HM029250|HM029250.1_Lactococcus_phage_949,_complete_genome._	ENA|CP002365|CP002365.1_Lactococcus_lactis_subsp._lactis_CV56,_complete_genome._	52.8
ENA|HM029250|HM029250.1_Lactococcus_phage_949,_complete_genome._	ENA|AE005176|AE005176.1_Lactococcus_lactis_subsp._lactis_Il1403,_complete_genome._	102
ENA|HM029250|HM029250.1_Lactococcus_phage_949,_complete_genome._	ENA|AE005176|AE005176.1_Lactococcus_lactis_subsp._lactis_Il1403,_complete_genome._	100
ENA|HM029250|HM029250.1_Lactococcus_phage_949,_complete_genome._	ENA|AE005176|AE005176.1_Lactococcus_lactis_subsp._lactis_Il1403,_complete_genome._	95.3
ENA|HM029250|HM029250.1_Lactococcus_phage_949,_complete_genome._	ENA|AE005176|AE005176.1_Lactococcus_lactis_subsp._lactis_Il1403,_complete_genome._	91.6
ENA|HM029250|HM029250.1_Lactococcus_phage_949,_complete_genome._	ENA|AE005176|AE005176.1_Lactococcus_lactis_subsp._lactis_Il1403,_complete_genome._	86.1
ENA|HM029250|HM029250.1_Lactococcus_phage_949,_complete_genome._	ENA|AE005176|AE005176.1_Lactococcus_lactis_subsp._lactis_Il1403,_complete_genome._	82.4
ENA|HM029250|HM029250.1_Lactococcus_phage_949,_complete_genome._	ENA|AE005176|AE005176.1_Lactococcus_lactis_subsp._lactis_Il1403,_complete_genome._	80.5
ENA|HM029250|HM029250.1_Lactococcus_phage_949,_complete_genome._	ENA|AE005176|AE005176.1_Lactococcus_lactis_subsp._lactis_Il1403,_complete_genome._	80.5
ENA|HM029250|HM029250.1_Lactococcus_phage_949,_complete_genome._	ENA|AE005176|AE005176.1_Lactococcus_lactis_subsp._lactis_Il1403,_complete_genome._	69.4
ENA|HM029250|HM029250.1_Lactococcus_phage_949,_complete_genome._	ENA|AE005176|AE005176.1_Lactococcus_lactis_subsp._lactis_Il1403,_complete_genome._	63.9
ENA|HM029250|HM029250.1_Lactococcus_phage_949,_complete_genome._	ENA|AE005176|AE005176.1_Lactococcus_lactis_subsp._lactis_Il1403,_complete_genome._	52.8
ENA|HM029250|HM029250.1_Lactococcus_phage_949,_complete_genome._	ENA|AE005176|AE005176.1_Lactococcus_lactis_subsp._lactis_Il1403,_complete_genome._	52.8
ENA|HM029250|HM029250.1_Lactococcus_phage_949,_complete_genome._	ENA|AM406671|AM406671.1_Lactococcus_lactis_subsp._cremoris_MG1363,_complete_genome_	91.6
ENA|HM029250|HM029250.1_Lactococcus_phage_949,_complete_genome._	ENA|AM406671|AM406671.1_Lactococcus_lactis_subsp._cremoris_MG1363,_complete_genome_	91.6
ENA|HM029250|HM029250.1_Lactococcus_phage_949,_complete_genome._	ENA|AM406671|AM406671.1_Lactococcus_lactis_subsp._cremoris_MG1363,_complete_genome_	69.4
ENA|HM029250|HM029250.1_Lactococcus_phage_949,_complete_genome._	ENA|AM406671|AM406671.1_Lactococcus_lactis_subsp._cremoris_MG1363,_complete_genome_	65.8
ENA|HM029250|HM029250.1_Lactococcus_phage_949,_complete_genome._	ENA|AM406671|AM406671.1_Lactococcus_lactis_subsp._cremoris_MG1363,_complete_genome_	65.8
ENA|HM029250|HM029250.1_Lactococcus_phage_949,_complete_genome._	ENA|AM406671|AM406671.1_Lactococcus_lactis_subsp._cremoris_MG1363,_complete_genome_	52.8
ENA|HM029250|HM029250.1_Lactococcus_phage_949,_complete_genome._	ENA|AM406671|AM406671.1_Lactococcus_lactis_subsp._cremoris_MG1363,_complete_genome_	52.8
ENA|HM461982|HM461982.1_Burkholderia_phage_KS14,_complete_genome._	ENA|CP011997|CP011997.1_Ralstonia_solanacearum_strain_YC45,_complete_genome._	261
ENA|HM624080|HM624080.1_Pseudomonas_phage_PA1/KOR/2010,_complete_genome._	ENA|CP008872|CP008872.1_Pseudomonas_aeruginosa_strain_X78812,_complete_genome._	65.8
ENA|HM624080|HM624080.1_Pseudomonas_phage_PA1/KOR/2010,_complete_genome._	ENA|CP008872|CP008872.1_Pseudomonas_aeruginosa_strain_X78812,_complete_genome._	62.1
ENA|HM624080|HM624080.1_Pseudomonas_phage_PA1/KOR/2010,_complete_genome._	ENA|CP008872|CP008872.1_Pseudomonas_aeruginosa_strain_X78812,_complete_genome._	62.1
ENA|HM624080|HM624080.1_Pseudomonas_phage_PA1/KOR/2010,_complete_genome._	ENA|CP008872|CP008872.1_Pseudomonas_aeruginosa_strain_X78812,_complete_genome._	62.1
ENA|HM624080|HM624080.1_Pseudomonas_phage_PA1/KOR/2010,_complete_genome._	ENA|CP008872|CP008872.1_Pseudomonas_aeruginosa_strain_X78812,_complete_genome._	65.8
ENA|HM624080|HM624080.1_Pseudomonas_phage_PA1/KOR/2010,_complete_genome._	ENA|CP008872|CP008872.1_Pseudomonas_aeruginosa_strain_X78812,_complete_genome._	62.1
ENA|HM624080|HM624080.1_Pseudomonas_phage_PA1/KOR/2010,_complete_genome._	ENA|CP008872|CP008872.1_Pseudomonas_aeruginosa_strain_X78812,_complete_genome._	62.1
ENA|HM624080|HM624080.1_Pseudomonas_phage_PA1/KOR/2010,_complete_genome._	ENA|CP008872|CP008872.1_Pseudomonas_aeruginosa_strain_X78812,_complete_genome._	62.1
ENA|HM624080|HM624080.1_Pseudomonas_phage_PA1/KOR/2010,_complete_genome._	ENA|CP008872|CP008872.1_Pseudomonas_aeruginosa_strain_X78812,_complete_genome._	65.8
ENA|HM624080|HM624080.1_Pseudomonas_phage_PA1/KOR/2010,_complete_genome._	ENA|CP008872|CP008872.1_Pseudomonas_aeruginosa_strain_X78812,_complete_genome._	62.1
ENA|HM624080|HM624080.1_Pseudomonas_phage_PA1/KOR/2010,_complete_genome._	ENA|CP008872|CP008872.1_Pseudomonas_aeruginosa_strain_X78812,_complete_genome._	62.1
ENA|HM624080|HM624080.1_Pseudomonas_phage_PA1/KOR/2010,_complete_genome._	ENA|CP008872|CP008872.1_Pseudomonas_aeruginosa_strain_X78812,_complete_genome._	62.1
ENA|HM624080|HM624080.1_Pseudomonas_phage_PA1/KOR/2010,_complete_genome._	ENA|CP008872|CP008872.1_Pseudomonas_aeruginosa_strain_X78812,_complete_genome._	65.8
ENA|HM624080|HM624080.1_Pseudomonas_phage_PA1/KOR/2010,_complete_genome._	ENA|CP008872|CP008872.1_Pseudomonas_aeruginosa_strain_X78812,_complete_genome._	62.1
ENA|HM624080|HM624080.1_Pseudomonas_phage_PA1/KOR/2010,_complete_genome._	ENA|CP008872|CP008872.1_Pseudomonas_aeruginosa_strain_X78812,_complete_genome._	62.1
ENA|HM624080|HM624080.1_Pseudomonas_phage_PA1/KOR/2010,_complete_genome._	ENA|CP008872|CP008872.1_Pseudomonas_aeruginosa_strain_X78812,_complete_genome._	62.1
ENA|JF946695|JF946695.1_Mycobacterium_phage_SWU1,_complete_genome._	ENA|CP000480|CP000480.1_Mycobacterium_smegmatis_str._MC2_155,_complete_genome._	80.5
ENA|JF946695|JF946695.1_Mycobacterium_phage_SWU1,_complete_genome._	ENA|CP012479|CP012479.1_Arthrobacter_sp._ERGS1:01,_complete_genome._	60.2
ENA|JF946695|JF946695.1_Mycobacterium_phage_SWU1,_complete_genome._	ENA|CP012355|CP012355.1_Propionibacterium_acnes_strain_PA_15_1_R1,_complete_genome._	58.4
ENA|JF946695|JF946695.1_Mycobacterium_phage_SWU1,_complete_genome._	ENA|CP012350|CP012350.1_Propionibacterium_acnes_strain_PA_30_2_L1,_complete_genome._	58.4
ENA|JF946695|JF946695.1_Mycobacterium_phage_SWU1,_complete_genome._	ENA|CP012171|CP012171.1_Arthrobacter_sp._LS16,_complete_genome._	56.5
ENA|JQ729990|JQ729990.1_Clostridium_phage_phiCP7R,_complete_genome._	ENA|CP009557|CP009557.1_Clostridium_perfringens_strain_FORC_003,_complete_genome._	56.5
ENA|JQ729992|JQ729992.1_Clostridium_phage_phiZP2,_complete_genome._	ENA|CP009557|CP009557.1_Clostridium_perfringens_strain_FORC_003,_complete_genome._	56.5
ENA|JX316028|JX316028.1_Erwinia_phage_phiEaH2,_complete_genome._	ENA|CP013859|CP013859.1_Microbacterium_sp._XT11,_complete_genome._	91.6
ENA|JX316028|JX316028.1_Erwinia_phage_phiEaH2,_complete_genome._	ENA|CP012299|CP012299.1_Microbacterium_sp._CGR1,_complete_genome._	91.6
ENA|JX316028|JX316028.1_Erwinia_phage_phiEaH2,_complete_genome._	ENA|CP013747|CP013747.1_Arthrobacter_sulfonivorans_strain_Ar51,_complete_genome._	86.1
ENA|JX316028|JX316028.1_Erwinia_phage_phiEaH2,_complete_genome._	ENA|CP013293|CP013293.1_Chryseobacterium_sp._IHB_B_17019,_complete_genome._	86.1
ENA|JX316028|JX316028.1_Erwinia_phage_phiEaH2,_complete_genome._	ENA|CP013293|CP013293.1_Chryseobacterium_sp._IHB_B_17019,_complete_genome._	86.1
ENA|JX316028|JX316028.1_Erwinia_phage_phiEaH2,_complete_genome._	ENA|CP013293|CP013293.1_Chryseobacterium_sp._IHB_B_17019,_complete_genome._	86.1
ENA|JX316028|JX316028.1_Erwinia_phage_phiEaH2,_complete_genome._	ENA|CP012171|CP012171.1_Arthrobacter_sp._LS16,_complete_genome._	86.1
ENA|JX316028|JX316028.1_Erwinia_phage_phiEaH2,_complete_genome._	ENA|CP012171|CP012171.1_Arthrobacter_sp._LS16,_complete_genome._	86.1
ENA|JX316028|JX316028.1_Erwinia_phage_phiEaH2,_complete_genome._	ENA|HG326223|HG326223.1_Serratia_marcescens_subsp._marcescens_Db11,_complete_genome_	84.2
ENA|JX316028|JX316028.1_Erwinia_phage_phiEaH2,_complete_genome._	ENA|HG326223|HG326223.1_Serratia_marcescens_subsp._marcescens_Db11,_complete_genome_	82.4
ENA|JX316028|JX316028.1_Erwinia_phage_phiEaH2,_complete_genome._	ENA|HG326223|HG326223.1_Serratia_marcescens_subsp._marcescens_Db11,_complete_genome_	82.4
ENA|JX316028|JX316028.1_Erwinia_phage_phiEaH2,_complete_genome._	ENA|HG326223|HG326223.1_Serratia_marcescens_subsp._marcescens_Db11,_complete_genome_	82.4
ENA|JX316028|JX316028.1_Erwinia_phage_phiEaH2,_complete_genome._	ENA|CP012639|CP012639.1_Serratia_marcescens_strain_RSC-14,_complete_genome._	84.2
ENA|JX316028|JX316028.1_Erwinia_phage_phiEaH2,_complete_genome._	ENA|CP012639|CP012639.1_Serratia_marcescens_strain_RSC-14,_complete_genome._	82.4
ENA|JX316028|JX316028.1_Erwinia_phage_phiEaH2,_complete_genome._	ENA|CP012639|CP012639.1_Serratia_marcescens_strain_RSC-14,_complete_genome._	82.4
ENA|JX316028|JX316028.1_Erwinia_phage_phiEaH2,_complete_genome._	ENA|CP012639|CP012639.1_Serratia_marcescens_strain_RSC-14,_complete_genome._	82.4
ENA|JX316028|JX316028.1_Erwinia_phage_phiEaH2,_complete_genome._	ENA|CP007581|CP007581.1_Salmonella_enterica_subsp._enterica_serovar_Typhimurium_strain_138736,_complete_genome._	84.2
ENA|JX316028|JX316028.1_Erwinia_phage_phiEaH2,_complete_genome._	ENA|CP007581|CP007581.1_Salmonella_enterica_subsp._enterica_serovar_Typhimurium_strain_138736,_complete_genome._	82.4
ENA|JX316028|JX316028.1_Erwinia_phage_phiEaH2,_complete_genome._	ENA|CP007581|CP007581.1_Salmonella_enterica_subsp._enterica_serovar_Typhimurium_strain_138736,_complete_genome._	82.4
ENA|JX316028|JX316028.1_Erwinia_phage_phiEaH2,_complete_genome._	ENA|HF572917|HF572917.2_Escherichia_coli_HUSEC2011_complete_genome_	82.4
ENA|JX316028|JX316028.1_Erwinia_phage_phiEaH2,_complete_genome._	ENA|HF572917|HF572917.2_Escherichia_coli_HUSEC2011_complete_genome_	82.4
ENA|JX316028|JX316028.1_Erwinia_phage_phiEaH2,_complete_genome._	ENA|CP014099|CP014099.1_Shigella_sonnei_strain_FDAARGOS_90,_complete_genome._	82.4
ENA|JX316028|JX316028.1_Erwinia_phage_phiEaH2,_complete_genome._	ENA|CP014099|CP014099.1_Shigella_sonnei_strain_FDAARGOS_90,_complete_genome._	82.4
ENA|JX316028|JX316028.1_Erwinia_phage_phiEaH2,_complete_genome._	ENA|CP014099|CP014099.1_Shigella_sonnei_strain_FDAARGOS_90,_complete_genome._	82.4
ENA|JX316028|JX316028.1_Erwinia_phage_phiEaH2,_complete_genome._	ENA|CP014051|CP014051.1_Salmonella_enterica_strain_LT2,_complete_genome._	82.4
ENA|JX316028|JX316028.1_Erwinia_phage_phiEaH2,_complete_genome._	ENA|CP014051|CP014051.1_Salmonella_enterica_strain_LT2,_complete_genome._	82.4
ENA|JX316028|JX316028.1_Erwinia_phage_phiEaH2,_complete_genome._	ENA|CP014051|CP014051.1_Salmonella_enterica_strain_LT2,_complete_genome._	82.4
ENA|JX316028|JX316028.1_Erwinia_phage_phiEaH2,_complete_genome._	ENA|CP014029|CP014029.1_Enterobacter_aerogenes_strain_FDAARGOS_152,_complete_genome._	82.4
ENA|JX316028|JX316028.1_Erwinia_phage_phiEaH2,_complete_genome._	ENA|CP014029|CP014029.1_Enterobacter_aerogenes_strain_FDAARGOS_152,_complete_genome._	82.4
ENA|JX316028|JX316028.1_Erwinia_phage_phiEaH2,_complete_genome._	ENA|CP014029|CP014029.1_Enterobacter_aerogenes_strain_FDAARGOS_152,_complete_genome._	82.4
ENA|JX316028|JX316028.1_Erwinia_phage_phiEaH2,_complete_genome._	ENA|CP014029|CP014029.1_Enterobacter_aerogenes_strain_FDAARGOS_152,_complete_genome._	82.4
ENA|JX316028|JX316028.1_Erwinia_phage_phiEaH2,_complete_genome._	ENA|CP012513|CP012513.1_Salmonella_enterica_subsp._enterica_serovar_Thompson_strain_RM1984,_complete_genome._	82.4
ENA|JX316028|JX316028.1_Erwinia_phage_phiEaH2,_complete_genome._	ENA|CP012513|CP012513.1_Salmonella_enterica_subsp._enterica_serovar_Thompson_strain_RM1984,_complete_genome._	82.4
ENA|JX316028|JX316028.1_Erwinia_phage_phiEaH2,_complete_genome._	ENA|CP012513|CP012513.1_Salmonella_enterica_subsp._enterica_serovar_Thompson_strain_RM1984,_complete_genome._	82.4
ENA|JX316028|JX316028.1_Erwinia_phage_phiEaH2,_complete_genome._	ENA|CP012253|CP012253.1_Cronobacter_sakazakii_strain_NCTC_8155,_complete_genome._	82.4
ENA|JX316028|JX316028.1_Erwinia_phage_phiEaH2,_complete_genome._	ENA|CP012253|CP012253.1_Cronobacter_sakazakii_strain_NCTC_8155,_complete_genome._	82.4
ENA|JX316028|JX316028.1_Erwinia_phage_phiEaH2,_complete_genome._	ENA|CP012253|CP012253.1_Cronobacter_sakazakii_strain_NCTC_8155,_complete_genome._	82.4
ENA|JX316028|JX316028.1_Erwinia_phage_phiEaH2,_complete_genome._	ENA|CP011539|CP011539.1_Enterobacter_aerogenes_strain_G7,_complete_genome._	82.4
ENA|JX316028|JX316028.1_Erwinia_phage_phiEaH2,_complete_genome._	ENA|CP011539|CP011539.1_Enterobacter_aerogenes_strain_G7,_complete_genome._	82.4
ENA|JX316028|JX316028.1_Erwinia_phage_phiEaH2,_complete_genome._	ENA|CP011539|CP011539.1_Enterobacter_aerogenes_strain_G7,_complete_genome._	82.4
ENA|JX316028|JX316028.1_Erwinia_phage_phiEaH2,_complete_genome._	ENA|CP011539|CP011539.1_Enterobacter_aerogenes_strain_G7,_complete_genome._	82.4
ENA|JX316028|JX316028.1_Erwinia_phage_phiEaH2,_complete_genome._	ENA|CP011511|CP011511.1_Shigella_boydii_strain_ATCC_9210,_complete_genome._	82.4
ENA|JX316028|JX316028.1_Erwinia_phage_phiEaH2,_complete_genome._	ENA|CP011511|CP011511.1_Shigella_boydii_strain_ATCC_9210,_complete_genome._	82.4
ENA|JX316028|JX316028.1_Erwinia_phage_phiEaH2,_complete_genome._	ENA|CP011511|CP011511.1_Shigella_boydii_strain_ATCC_9210,_complete_genome._	82.4
ENA|JX316028|JX316028.1_Erwinia_phage_phiEaH2,_complete_genome._	ENA|CP011313|CP011313.1_Klebsiella_pneumoniae_subsp._pneumoniae_strain_234-12,_complete_genome._	82.4
ENA|JX316028|JX316028.1_Erwinia_phage_phiEaH2,_complete_genome._	ENA|CP011313|CP011313.1_Klebsiella_pneumoniae_subsp._pneumoniae_strain_234-12,_complete_genome._	82.4
ENA|JX316028|JX316028.1_Erwinia_phage_phiEaH2,_complete_genome._	ENA|CP011313|CP011313.1_Klebsiella_pneumoniae_subsp._pneumoniae_strain_234-12,_complete_genome._	82.4
ENA|JX316028|JX316028.1_Erwinia_phage_phiEaH2,_complete_genome._	ENA|CP010829|CP010829.1_Shigella_sonnei_strain_FORC_011,_complete_genome._	82.4
ENA|JX316028|JX316028.1_Erwinia_phage_phiEaH2,_complete_genome._	ENA|CP010829|CP010829.1_Shigella_sonnei_strain_FORC_011,_complete_genome._	82.4
ENA|JX316028|JX316028.1_Erwinia_phage_phiEaH2,_complete_genome._	ENA|CP010829|CP010829.1_Shigella_sonnei_strain_FORC_011,_complete_genome._	82.4
ENA|JX316028|JX316028.1_Erwinia_phage_phiEaH2,_complete_genome._	ENA|CP009072|CP009072.1_Escherichia_coli_ATCC_25922,_complete_genome._	82.4
ENA|JX316028|JX316028.1_Erwinia_phage_phiEaH2,_complete_genome._	ENA|CP007037|CP007037.1_Shigella_flexneri_G1663,_complete_genome._	82.4
ENA|JX316028|JX316028.1_Erwinia_phage_phiEaH2,_complete_genome._	ENA|CP007037|CP007037.1_Shigella_flexneri_G1663,_complete_genome._	82.4
ENA|JX316028|JX316028.1_Erwinia_phage_phiEaH2,_complete_genome._	ENA|CP007037|CP007037.1_Shigella_flexneri_G1663,_complete_genome._	82.4
ENA|JX316028|JX316028.1_Erwinia_phage_phiEaH2,_complete_genome._	ENA|CP002614|CP002614.1_Salmonella_enterica_subsp._enterica_serovar_Typhimurium_str._UK-1,_complete_genome._	82.4
ENA|JX316028|JX316028.1_Erwinia_phage_phiEaH2,_complete_genome._	ENA|CP002614|CP002614.1_Salmonella_enterica_subsp._enterica_serovar_Typhimurium_str._UK-1,_complete_genome._	82.4
ENA|JX316028|JX316028.1_Erwinia_phage_phiEaH2,_complete_genome._	ENA|CP002614|CP002614.1_Salmonella_enterica_subsp._enterica_serovar_Typhimurium_str._UK-1,_complete_genome._	82.4
ENA|JX316028|JX316028.1_Erwinia_phage_phiEaH2,_complete_genome._	ENA|CP001383|CP001383.1_Shigella_flexneri_2002017,_complete_genome._	82.4
ENA|JX316028|JX316028.1_Erwinia_phage_phiEaH2,_complete_genome._	ENA|CP001383|CP001383.1_Shigella_flexneri_2002017,_complete_genome._	82.4
ENA|JX316028|JX316028.1_Erwinia_phage_phiEaH2,_complete_genome._	ENA|CP001383|CP001383.1_Shigella_flexneri_2002017,_complete_genome._	82.4
ENA|JX316028|JX316028.1_Erwinia_phage_phiEaH2,_complete_genome._	ENA|CP000946|CP000946.1_Escherichia_coli_ATCC_8739,_complete_genome._	82.4
ENA|JX316028|JX316028.1_Erwinia_phage_phiEaH2,_complete_genome._	ENA|CP000946|CP000946.1_Escherichia_coli_ATCC_8739,_complete_genome._	82.4
ENA|JX316028|JX316028.1_Erwinia_phage_phiEaH2,_complete_genome._	ENA|CP000946|CP000946.1_Escherichia_coli_ATCC_8739,_complete_genome._	82.4
ENA|JX316028|JX316028.1_Erwinia_phage_phiEaH2,_complete_genome._	ENA|CP000946|CP000946.1_Escherichia_coli_ATCC_8739,_complete_genome._	82.4
ENA|JX316028|JX316028.1_Erwinia_phage_phiEaH2,_complete_genome._	ENA|CP000946|CP000946.1_Escherichia_coli_ATCC_8739,_complete_genome._	82.4
ENA|JX316028|JX316028.1_Erwinia_phage_phiEaH2,_complete_genome._	ENA|CP000946|CP000946.1_Escherichia_coli_ATCC_8739,_complete_genome._	82.4
ENA|JX316028|JX316028.1_Erwinia_phage_phiEaH2,_complete_genome._	ENA|CP000036|CP000036.1_Shigella_boydii_Sb227,_complete_genome._	82.4
ENA|JX316028|JX316028.1_Erwinia_phage_phiEaH2,_complete_genome._	ENA|CP000036|CP000036.1_Shigella_boydii_Sb227,_complete_genome._	82.4
ENA|JX316028|JX316028.1_Erwinia_phage_phiEaH2,_complete_genome._	ENA|CP000036|CP000036.1_Shigella_boydii_Sb227,_complete_genome._	82.4
ENA|JX316028|JX316028.1_Erwinia_phage_phiEaH2,_complete_genome._	ENA|CP000036|CP000036.1_Shigella_boydii_Sb227,_complete_genome._	82.4
ENA|JX316028|JX316028.1_Erwinia_phage_phiEaH2,_complete_genome._	ENA|CP000036|CP000036.1_Shigella_boydii_Sb227,_complete_genome._	82.4
ENA|JX316028|JX316028.1_Erwinia_phage_phiEaH2,_complete_genome._	ENA|AP009048|AP009048.1_Escherichia_coli_str._K12_substr._W3110_DNA,_complete_genome._	82.4
ENA|JX316028|JX316028.1_Erwinia_phage_phiEaH2,_complete_genome._	ENA|AP009048|AP009048.1_Escherichia_coli_str._K12_substr._W3110_DNA,_complete_genome._	82.4
ENA|JX316028|JX316028.1_Erwinia_phage_phiEaH2,_complete_genome._	ENA|AP009048|AP009048.1_Escherichia_coli_str._K12_substr._W3110_DNA,_complete_genome._	82.4
ENA|JX316028|JX316028.1_Erwinia_phage_phiEaH2,_complete_genome._	ENA|AP009048|AP009048.1_Escherichia_coli_str._K12_substr._W3110_DNA,_complete_genome._	82.4
ENA|JX316028|JX316028.1_Erwinia_phage_phiEaH2,_complete_genome._	ENA|AP009048|AP009048.1_Escherichia_coli_str._K12_substr._W3110_DNA,_complete_genome._	82.4
ENA|JX316028|JX316028.1_Erwinia_phage_phiEaH2,_complete_genome._	ENA|AP009048|AP009048.1_Escherichia_coli_str._K12_substr._W3110_DNA,_complete_genome._	82.4
ENA|JX316028|JX316028.1_Erwinia_phage_phiEaH2,_complete_genome._	ENA|CP012194|CP012194.1_Corynebacterium_glutamicum_strain_CP,_complete_genome._	80.5
ENA|JX316028|JX316028.1_Erwinia_phage_phiEaH2,_complete_genome._	ENA|CP012194|CP012194.1_Corynebacterium_glutamicum_strain_CP,_complete_genome._	80.5
ENA|JX316028|JX316028.1_Erwinia_phage_phiEaH2,_complete_genome._	ENA|CP010451|CP010451.1_Corynebacterium_glutamicum_strain_B253,_complete_genome._	80.5
ENA|JX316028|JX316028.1_Erwinia_phage_phiEaH2,_complete_genome._	ENA|CP010451|CP010451.1_Corynebacterium_glutamicum_strain_B253,_complete_genome._	80.5
ENA|JX316028|JX316028.1_Erwinia_phage_phiEaH2,_complete_genome._	ENA|CP000480|CP000480.1_Mycobacterium_smegmatis_str._MC2_155,_complete_genome._	80.5
ENA|JX316028|JX316028.1_Erwinia_phage_phiEaH2,_complete_genome._	ENA|CP008872|CP008872.1_Pseudomonas_aeruginosa_strain_X78812,_complete_genome._	78.7
ENA|JX316028|JX316028.1_Erwinia_phage_phiEaH2,_complete_genome._	ENA|CP008872|CP008872.1_Pseudomonas_aeruginosa_strain_X78812,_complete_genome._	78.7
ENA|JX316028|JX316028.1_Erwinia_phage_phiEaH2,_complete_genome._	ENA|CP008872|CP008872.1_Pseudomonas_aeruginosa_strain_X78812,_complete_genome._	78.7
ENA|JX316028|JX316028.1_Erwinia_phage_phiEaH2,_complete_genome._	ENA|CP008872|CP008872.1_Pseudomonas_aeruginosa_strain_X78812,_complete_genome._	78.7
ENA|JX316028|JX316028.1_Erwinia_phage_phiEaH2,_complete_genome._	ENA|CP008872|CP008872.1_Pseudomonas_aeruginosa_strain_X78812,_complete_genome._	78.7
ENA|JX316028|JX316028.1_Erwinia_phage_phiEaH2,_complete_genome._	ENA|CP008872|CP008872.1_Pseudomonas_aeruginosa_strain_X78812,_complete_genome._	78.7
ENA|JX316028|JX316028.1_Erwinia_phage_phiEaH2,_complete_genome._	ENA|CP008872|CP008872.1_Pseudomonas_aeruginosa_strain_X78812,_complete_genome._	78.7
ENA|JX316028|JX316028.1_Erwinia_phage_phiEaH2,_complete_genome._	ENA|CP008872|CP008872.1_Pseudomonas_aeruginosa_strain_X78812,_complete_genome._	78.7
ENA|JX316028|JX316028.1_Erwinia_phage_phiEaH2,_complete_genome._	ENA|CP008872|CP008872.1_Pseudomonas_aeruginosa_strain_X78812,_complete_genome._	78.7
ENA|JX316028|JX316028.1_Erwinia_phage_phiEaH2,_complete_genome._	ENA|CP008872|CP008872.1_Pseudomonas_aeruginosa_strain_X78812,_complete_genome._	78.7
ENA|JX316028|JX316028.1_Erwinia_phage_phiEaH2,_complete_genome._	ENA|CP008872|CP008872.1_Pseudomonas_aeruginosa_strain_X78812,_complete_genome._	78.7
ENA|JX316028|JX316028.1_Erwinia_phage_phiEaH2,_complete_genome._	ENA|CP008872|CP008872.1_Pseudomonas_aeruginosa_strain_X78812,_complete_genome._	78.7
ENA|JX316028|JX316028.1_Erwinia_phage_phiEaH2,_complete_genome._	ENA|CP008872|CP008872.1_Pseudomonas_aeruginosa_strain_X78812,_complete_genome._	78.7
ENA|JX316028|JX316028.1_Erwinia_phage_phiEaH2,_complete_genome._	ENA|CP008872|CP008872.1_Pseudomonas_aeruginosa_strain_X78812,_complete_genome._	78.7
ENA|JX316028|JX316028.1_Erwinia_phage_phiEaH2,_complete_genome._	ENA|CP008872|CP008872.1_Pseudomonas_aeruginosa_strain_X78812,_complete_genome._	78.7
ENA|JX316028|JX316028.1_Erwinia_phage_phiEaH2,_complete_genome._	ENA|CP008872|CP008872.1_Pseudomonas_aeruginosa_strain_X78812,_complete_genome._	78.7
ENA|JX316028|JX316028.1_Erwinia_phage_phiEaH2,_complete_genome._	ENA|CP008867|CP008867.1_Pseudomonas_aeruginosa_strain_T52373,_complete_genome._	78.7
ENA|JX316028|JX316028.1_Erwinia_phage_phiEaH2,_complete_genome._	ENA|CP008867|CP008867.1_Pseudomonas_aeruginosa_strain_T52373,_complete_genome._	78.7
ENA|JX316028|JX316028.1_Erwinia_phage_phiEaH2,_complete_genome._	ENA|CP008867|CP008867.1_Pseudomonas_aeruginosa_strain_T52373,_complete_genome._	78.7
ENA|JX316028|JX316028.1_Erwinia_phage_phiEaH2,_complete_genome._	ENA|CP008867|CP008867.1_Pseudomonas_aeruginosa_strain_T52373,_complete_genome._	78.7
ENA|JX316028|JX316028.1_Erwinia_phage_phiEaH2,_complete_genome._	ENA|CP008867|CP008867.1_Pseudomonas_aeruginosa_strain_T52373,_complete_genome._	78.7
ENA|JX316028|JX316028.1_Erwinia_phage_phiEaH2,_complete_genome._	ENA|CP008867|CP008867.1_Pseudomonas_aeruginosa_strain_T52373,_complete_genome._	78.7
ENA|JX316028|JX316028.1_Erwinia_phage_phiEaH2,_complete_genome._	ENA|CP008867|CP008867.1_Pseudomonas_aeruginosa_strain_T52373,_complete_genome._	78.7
ENA|JX316028|JX316028.1_Erwinia_phage_phiEaH2,_complete_genome._	ENA|CP008867|CP008867.1_Pseudomonas_aeruginosa_strain_T52373,_complete_genome._	78.7
ENA|JX316028|JX316028.1_Erwinia_phage_phiEaH2,_complete_genome._	ENA|CP008867|CP008867.1_Pseudomonas_aeruginosa_strain_T52373,_complete_genome._	78.7
ENA|JX316028|JX316028.1_Erwinia_phage_phiEaH2,_complete_genome._	ENA|CP008867|CP008867.1_Pseudomonas_aeruginosa_strain_T52373,_complete_genome._	78.7
ENA|JX316028|JX316028.1_Erwinia_phage_phiEaH2,_complete_genome._	ENA|CP008867|CP008867.1_Pseudomonas_aeruginosa_strain_T52373,_complete_genome._	78.7
ENA|JX316028|JX316028.1_Erwinia_phage_phiEaH2,_complete_genome._	ENA|CP008867|CP008867.1_Pseudomonas_aeruginosa_strain_T52373,_complete_genome._	78.7
ENA|JX316028|JX316028.1_Erwinia_phage_phiEaH2,_complete_genome._	ENA|CP008867|CP008867.1_Pseudomonas_aeruginosa_strain_T52373,_complete_genome._	78.7
ENA|JX316028|JX316028.1_Erwinia_phage_phiEaH2,_complete_genome._	ENA|CP008867|CP008867.1_Pseudomonas_aeruginosa_strain_T52373,_complete_genome._	78.7
ENA|JX316028|JX316028.1_Erwinia_phage_phiEaH2,_complete_genome._	ENA|CP008867|CP008867.1_Pseudomonas_aeruginosa_strain_T52373,_complete_genome._	78.7
ENA|JX316028|JX316028.1_Erwinia_phage_phiEaH2,_complete_genome._	ENA|CP008867|CP008867.1_Pseudomonas_aeruginosa_strain_T52373,_complete_genome._	78.7
ENA|JX316028|JX316028.1_Erwinia_phage_phiEaH2,_complete_genome._	ENA|CP008857|CP008857.1_Pseudomonas_aeruginosa_strain_F30658,_complete_genome._	78.7
ENA|JX316028|JX316028.1_Erwinia_phage_phiEaH2,_complete_genome._	ENA|CP008857|CP008857.1_Pseudomonas_aeruginosa_strain_F30658,_complete_genome._	78.7
ENA|JX316028|JX316028.1_Erwinia_phage_phiEaH2,_complete_genome._	ENA|CP008857|CP008857.1_Pseudomonas_aeruginosa_strain_F30658,_complete_genome._	78.7
ENA|JX316028|JX316028.1_Erwinia_phage_phiEaH2,_complete_genome._	ENA|CP008857|CP008857.1_Pseudomonas_aeruginosa_strain_F30658,_complete_genome._	78.7
ENA|JX316028|JX316028.1_Erwinia_phage_phiEaH2,_complete_genome._	ENA|CP008857|CP008857.1_Pseudomonas_aeruginosa_strain_F30658,_complete_genome._	78.7
ENA|JX316028|JX316028.1_Erwinia_phage_phiEaH2,_complete_genome._	ENA|CP008857|CP008857.1_Pseudomonas_aeruginosa_strain_F30658,_complete_genome._	78.7
ENA|JX316028|JX316028.1_Erwinia_phage_phiEaH2,_complete_genome._	ENA|CP008857|CP008857.1_Pseudomonas_aeruginosa_strain_F30658,_complete_genome._	78.7
ENA|JX316028|JX316028.1_Erwinia_phage_phiEaH2,_complete_genome._	ENA|CP008857|CP008857.1_Pseudomonas_aeruginosa_strain_F30658,_complete_genome._	78.7
ENA|JX316028|JX316028.1_Erwinia_phage_phiEaH2,_complete_genome._	ENA|CP008857|CP008857.1_Pseudomonas_aeruginosa_strain_F30658,_complete_genome._	78.7
ENA|JX316028|JX316028.1_Erwinia_phage_phiEaH2,_complete_genome._	ENA|CP008857|CP008857.1_Pseudomonas_aeruginosa_strain_F30658,_complete_genome._	78.7
ENA|JX316028|JX316028.1_Erwinia_phage_phiEaH2,_complete_genome._	ENA|CP008857|CP008857.1_Pseudomonas_aeruginosa_strain_F30658,_complete_genome._	78.7
ENA|JX316028|JX316028.1_Erwinia_phage_phiEaH2,_complete_genome._	ENA|CP008857|CP008857.1_Pseudomonas_aeruginosa_strain_F30658,_complete_genome._	78.7
ENA|JX316028|JX316028.1_Erwinia_phage_phiEaH2,_complete_genome._	ENA|CP008857|CP008857.1_Pseudomonas_aeruginosa_strain_F30658,_complete_genome._	78.7
ENA|JX316028|JX316028.1_Erwinia_phage_phiEaH2,_complete_genome._	ENA|CP008857|CP008857.1_Pseudomonas_aeruginosa_strain_F30658,_complete_genome._	78.7
ENA|JX316028|JX316028.1_Erwinia_phage_phiEaH2,_complete_genome._	ENA|CP008857|CP008857.1_Pseudomonas_aeruginosa_strain_F30658,_complete_genome._	78.7
ENA|JX316028|JX316028.1_Erwinia_phage_phiEaH2,_complete_genome._	ENA|CP008857|CP008857.1_Pseudomonas_aeruginosa_strain_F30658,_complete_genome._	78.7
ENA|JX316028|JX316028.1_Erwinia_phage_phiEaH2,_complete_genome._	ENA|CP000941|CP000941.1_Xylella_fastidiosa_M12,_complete_genome._	78.7
ENA|JX316028|JX316028.1_Erwinia_phage_phiEaH2,_complete_genome._	ENA|CP000941|CP000941.1_Xylella_fastidiosa_M12,_complete_genome._	78.7
ENA|JX316028|JX316028.1_Erwinia_phage_phiEaH2,_complete_genome._	ENA|AE009442|AE009442.1_Xylella_fastidiosa_Temecula1,_complete_genome._	78.7
ENA|JX316028|JX316028.1_Erwinia_phage_phiEaH2,_complete_genome._	ENA|AE009442|AE009442.1_Xylella_fastidiosa_Temecula1,_complete_genome._	78.7
ENA|JX316028|JX316028.1_Erwinia_phage_phiEaH2,_complete_genome._	ENA|AE003849|AE003849.1_Xylella_fastidiosa_9a5c,_complete_genome._	78.7
ENA|JX316028|JX316028.1_Erwinia_phage_phiEaH2,_complete_genome._	ENA|AE003849|AE003849.1_Xylella_fastidiosa_9a5c,_complete_genome._	78.7
ENA|JX316028|JX316028.1_Erwinia_phage_phiEaH2,_complete_genome._	ENA|CP014343|CP014343.1_Pseudomonas_putida_strain_1A00316,_complete_genome._	75.0
ENA|JX316028|JX316028.1_Erwinia_phage_phiEaH2,_complete_genome._	ENA|CP014343|CP014343.1_Pseudomonas_putida_strain_1A00316,_complete_genome._	75.0
ENA|JX316028|JX316028.1_Erwinia_phage_phiEaH2,_complete_genome._	ENA|CP014343|CP014343.1_Pseudomonas_putida_strain_1A00316,_complete_genome._	75.0
ENA|JX316028|JX316028.1_Erwinia_phage_phiEaH2,_complete_genome._	ENA|CP014343|CP014343.1_Pseudomonas_putida_strain_1A00316,_complete_genome._	75.0
ENA|JX316028|JX316028.1_Erwinia_phage_phiEaH2,_complete_genome._	ENA|CP014343|CP014343.1_Pseudomonas_putida_strain_1A00316,_complete_genome._	75.0
ENA|JX316028|JX316028.1_Erwinia_phage_phiEaH2,_complete_genome._	ENA|CP014343|CP014343.1_Pseudomonas_putida_strain_1A00316,_complete_genome._	75.0
ENA|JX316028|JX316028.1_Erwinia_phage_phiEaH2,_complete_genome._	ENA|CP014343|CP014343.1_Pseudomonas_putida_strain_1A00316,_complete_genome._	75.0
ENA|JX316028|JX316028.1_Erwinia_phage_phiEaH2,_complete_genome._	ENA|AE015451|AE015451.2_Pseudomonas_putida_KT2440_complete_genome._	75.0
ENA|JX316028|JX316028.1_Erwinia_phage_phiEaH2,_complete_genome._	ENA|AE015451|AE015451.2_Pseudomonas_putida_KT2440_complete_genome._	75.0
ENA|JX316028|JX316028.1_Erwinia_phage_phiEaH2,_complete_genome._	ENA|AE015451|AE015451.2_Pseudomonas_putida_KT2440_complete_genome._	75.0
ENA|JX316028|JX316028.1_Erwinia_phage_phiEaH2,_complete_genome._	ENA|AE017221|AE017221.1_Thermus_thermophilus_HB27,_complete_genome._	73.1
ENA|JX570714|JX570714.1_Propionibacterium_phage_PHL112N00,_complete_genome._	ENA|KR902986|KR902986.1_Propionibacterium_phage_PAC9,_complete_genome._	22208
ENA|JX570714|JX570714.1_Propionibacterium_phage_PHL112N00,_complete_genome._	ENA|KR902986|KR902986.1_Propionibacterium_phage_PAC9,_complete_genome._	8516
ENA|JX570714|JX570714.1_Propionibacterium_phage_PHL112N00,_complete_genome._	ENA|KR902986|KR902986.1_Propionibacterium_phage_PAC9,_complete_genome._	4723
ENA|JX570714|JX570714.1_Propionibacterium_phage_PHL112N00,_complete_genome._	ENA|KR902986|KR902986.1_Propionibacterium_phage_PAC9,_complete_genome._	1461
ENA|JX570714|JX570714.1_Propionibacterium_phage_PHL112N00,_complete_genome._	ENA|KR902986|KR902986.1_Propionibacterium_phage_PAC9,_complete_genome._	1219
ENA|JX570714|JX570714.1_Propionibacterium_phage_PHL112N00,_complete_genome._	ENA|KR902986|KR902986.1_Propionibacterium_phage_PAC9,_complete_genome._	60.2
ENA|KC139517|KC139517.1_Salmonella_phage_FSL_SP-058,_complete_genome._	ENA|HG326223|HG326223.1_Serratia_marcescens_subsp._marcescens_Db11,_complete_genome_	97.1
ENA|KC139517|KC139517.1_Salmonella_phage_FSL_SP-058,_complete_genome._	ENA|CP012639|CP012639.1_Serratia_marcescens_strain_RSC-14,_complete_genome._	97.1
ENA|KC139517|KC139517.1_Salmonella_phage_FSL_SP-058,_complete_genome._	ENA|CP012253|CP012253.1_Cronobacter_sakazakii_strain_NCTC_8155,_complete_genome._	80.5
ENA|KC139517|KC139517.1_Salmonella_phage_FSL_SP-058,_complete_genome._	ENA|HF572917|HF572917.2_Escherichia_coli_HUSEC2011_complete_genome_	76.8
ENA|KC139517|KC139517.1_Salmonella_phage_FSL_SP-058,_complete_genome._	ENA|CP014099|CP014099.1_Shigella_sonnei_strain_FDAARGOS_90,_complete_genome._	76.8
ENA|KC139517|KC139517.1_Salmonella_phage_FSL_SP-058,_complete_genome._	ENA|CP014051|CP014051.1_Salmonella_enterica_strain_LT2,_complete_genome._	76.8
ENA|KC139517|KC139517.1_Salmonella_phage_FSL_SP-058,_complete_genome._	ENA|CP012513|CP012513.1_Salmonella_enterica_subsp._enterica_serovar_Thompson_strain_RM1984,_complete_genome._	76.8
ENA|KC139517|KC139517.1_Salmonella_phage_FSL_SP-058,_complete_genome._	ENA|CP011539|CP011539.1_Enterobacter_aerogenes_strain_G7,_complete_genome._	76.8
ENA|KC139517|KC139517.1_Salmonella_phage_FSL_SP-058,_complete_genome._	ENA|CP011511|CP011511.1_Shigella_boydii_strain_ATCC_9210,_complete_genome._	76.8
ENA|KC139517|KC139517.1_Salmonella_phage_FSL_SP-058,_complete_genome._	ENA|CP011313|CP011313.1_Klebsiella_pneumoniae_subsp._pneumoniae_strain_234-12,_complete_genome._	76.8
ENA|KC139517|KC139517.1_Salmonella_phage_FSL_SP-058,_complete_genome._	ENA|CP010829|CP010829.1_Shigella_sonnei_strain_FORC_011,_complete_genome._	76.8
ENA|KC139517|KC139517.1_Salmonella_phage_FSL_SP-058,_complete_genome._	ENA|CP009072|CP009072.1_Escherichia_coli_ATCC_25922,_complete_genome._	76.8
ENA|KC139517|KC139517.1_Salmonella_phage_FSL_SP-058,_complete_genome._	ENA|CP007581|CP007581.1_Salmonella_enterica_subsp._enterica_serovar_Typhimurium_strain_138736,_complete_genome._	76.8
ENA|KC139517|KC139517.1_Salmonella_phage_FSL_SP-058,_complete_genome._	ENA|CP007037|CP007037.1_Shigella_flexneri_G1663,_complete_genome._	76.8
ENA|KC139517|KC139517.1_Salmonella_phage_FSL_SP-058,_complete_genome._	ENA|CP002614|CP002614.1_Salmonella_enterica_subsp._enterica_serovar_Typhimurium_str._UK-1,_complete_genome._	76.8
ENA|KC139517|KC139517.1_Salmonella_phage_FSL_SP-058,_complete_genome._	ENA|CP001383|CP001383.1_Shigella_flexneri_2002017,_complete_genome._	76.8
ENA|KC139517|KC139517.1_Salmonella_phage_FSL_SP-058,_complete_genome._	ENA|CP000946|CP000946.1_Escherichia_coli_ATCC_8739,_complete_genome._	76.8
ENA|KC139517|KC139517.1_Salmonella_phage_FSL_SP-058,_complete_genome._	ENA|CP000946|CP000946.1_Escherichia_coli_ATCC_8739,_complete_genome._	76.8
ENA|KC139517|KC139517.1_Salmonella_phage_FSL_SP-058,_complete_genome._	ENA|CP000036|CP000036.1_Shigella_boydii_Sb227,_complete_genome._	76.8
ENA|KC139517|KC139517.1_Salmonella_phage_FSL_SP-058,_complete_genome._	ENA|AP009048|AP009048.1_Escherichia_coli_str._K12_substr._W3110_DNA,_complete_genome._	76.8
ENA|KC139517|KC139517.1_Salmonella_phage_FSL_SP-058,_complete_genome._	ENA|AP009048|AP009048.1_Escherichia_coli_str._K12_substr._W3110_DNA,_complete_genome._	76.8
ENA|KC139517|KC139517.1_Salmonella_phage_FSL_SP-058,_complete_genome._	ENA|CP014029|CP014029.1_Enterobacter_aerogenes_strain_FDAARGOS_152,_complete_genome._	73.1
ENA|KC139517|KC139517.1_Salmonella_phage_FSL_SP-058,_complete_genome._	ENA|CP012300|CP012300.1_Klebsiella_pneumoniae_subsp._pneumoniae_strain_HKUOPLC,_complete_genome._	73.1
ENA|KC139517|KC139517.1_Salmonella_phage_FSL_SP-058,_complete_genome._	ENA|CP009985|CP009985.1_Vibrio_vulnificus_strain_FORC_009_chromosome_2,_complete_sequence._	69.4
ENA|KC139517|KC139517.1_Salmonella_phage_FSL_SP-058,_complete_genome._	ENA|CP009984|CP009984.1_Vibrio_vulnificus_strain_FORC_009_chromosome_1,_complete_sequence._	69.4
ENA|KC139517|KC139517.1_Salmonella_phage_FSL_SP-058,_complete_genome._	ENA|CP009978|CP009978.1_Vibrio_natriegens_NBRC_15636_=_ATCC_14048_=_DSM_759_chromosome_2,_complete_sequence._	65.8
ENA|KC139517|KC139517.1_Salmonella_phage_FSL_SP-058,_complete_genome._	ENA|CP009978|CP009978.1_Vibrio_natriegens_NBRC_15636_=_ATCC_14048_=_DSM_759_chromosome_2,_complete_sequence._	65.8
ENA|KC139517|KC139517.1_Salmonella_phage_FSL_SP-058,_complete_genome._	ENA|CP009977|CP009977.1_Vibrio_natriegens_NBRC_15636_=_ATCC_14048_=_DSM_759_chromosome_1,_complete_sequence._	65.8
ENA|KC139517|KC139517.1_Salmonella_phage_FSL_SP-058,_complete_genome._	ENA|CP009766|CP009766.1_Vibrio_parahaemolyticus_strain_FORC_006_chromosome_2,_complete_sequence._	65.8
ENA|KC139517|KC139517.1_Salmonella_phage_FSL_SP-058,_complete_genome._	ENA|CP009766|CP009766.1_Vibrio_parahaemolyticus_strain_FORC_006_chromosome_2,_complete_sequence._	65.8
ENA|KC139517|KC139517.1_Salmonella_phage_FSL_SP-058,_complete_genome._	ENA|FR873481|FR873481.1_Streptococcus_salivarius_CCHSS3_complete_genome_	63.9
ENA|KC139517|KC139517.1_Salmonella_phage_FSL_SP-058,_complete_genome._	ENA|CP011325|CP011325.1_Streptococcus_agalactiae_strain_HN016,_complete_genome._	63.9
ENA|KC139517|KC139517.1_Salmonella_phage_FSL_SP-058,_complete_genome._	ENA|CP009913|CP009913.1_Streptococcus_salivarius_strain_NCTC_8618,_complete_genome._	63.9
ENA|KC139517|KC139517.1_Salmonella_phage_FSL_SP-058,_complete_genome._	ENA|CP009765|CP009765.1_Vibrio_parahaemolyticus_strain_FORC_006_chromosome_1,_complete_sequence._	62.1
ENA|KF926093|KF926093.1_Lactococcus_phage_phiL47,_complete_genome._	ENA|AE005176|AE005176.1_Lactococcus_lactis_subsp._lactis_Il1403,_complete_genome._	2117
ENA|KF926093|KF926093.1_Lactococcus_phage_phiL47,_complete_genome._	ENA|AE005176|AE005176.1_Lactococcus_lactis_subsp._lactis_Il1403,_complete_genome._	187
ENA|KF926093|KF926093.1_Lactococcus_phage_phiL47,_complete_genome._	ENA|AE005176|AE005176.1_Lactococcus_lactis_subsp._lactis_Il1403,_complete_genome._	100
ENA|KF926093|KF926093.1_Lactococcus_phage_phiL47,_complete_genome._	ENA|AE005176|AE005176.1_Lactococcus_lactis_subsp._lactis_Il1403,_complete_genome._	86.1
ENA|KF926093|KF926093.1_Lactococcus_phage_phiL47,_complete_genome._	ENA|AE005176|AE005176.1_Lactococcus_lactis_subsp._lactis_Il1403,_complete_genome._	84.2
ENA|KF926093|KF926093.1_Lactococcus_phage_phiL47,_complete_genome._	ENA|AE005176|AE005176.1_Lactococcus_lactis_subsp._lactis_Il1403,_complete_genome._	84.2
ENA|KF926093|KF926093.1_Lactococcus_phage_phiL47,_complete_genome._	ENA|AE005176|AE005176.1_Lactococcus_lactis_subsp._lactis_Il1403,_complete_genome._	78.7
ENA|KF926093|KF926093.1_Lactococcus_phage_phiL47,_complete_genome._	ENA|AE005176|AE005176.1_Lactococcus_lactis_subsp._lactis_Il1403,_complete_genome._	65.8
ENA|KF926093|KF926093.1_Lactococcus_phage_phiL47,_complete_genome._	ENA|CP002365|CP002365.1_Lactococcus_lactis_subsp._lactis_CV56,_complete_genome._	202
ENA|KF926093|KF926093.1_Lactococcus_phage_phiL47,_complete_genome._	ENA|CP002365|CP002365.1_Lactococcus_lactis_subsp._lactis_CV56,_complete_genome._	185
ENA|KF926093|KF926093.1_Lactococcus_phage_phiL47,_complete_genome._	ENA|CP002365|CP002365.1_Lactococcus_lactis_subsp._lactis_CV56,_complete_genome._	180
ENA|KF926093|KF926093.1_Lactococcus_phage_phiL47,_complete_genome._	ENA|CP002365|CP002365.1_Lactococcus_lactis_subsp._lactis_CV56,_complete_genome._	106
ENA|KF926093|KF926093.1_Lactococcus_phage_phiL47,_complete_genome._	ENA|CP002365|CP002365.1_Lactococcus_lactis_subsp._lactis_CV56,_complete_genome._	91.6
ENA|KF926093|KF926093.1_Lactococcus_phage_phiL47,_complete_genome._	ENA|CP002365|CP002365.1_Lactococcus_lactis_subsp._lactis_CV56,_complete_genome._	89.8
ENA|KF926093|KF926093.1_Lactococcus_phage_phiL47,_complete_genome._	ENA|CP002365|CP002365.1_Lactococcus_lactis_subsp._lactis_CV56,_complete_genome._	73.1
ENA|KF926093|KF926093.1_Lactococcus_phage_phiL47,_complete_genome._	ENA|CP003132|CP003132.1_Lactococcus_lactis_subsp._cremoris_A76,_complete_genome._	200
ENA|KF926093|KF926093.1_Lactococcus_phage_phiL47,_complete_genome._	ENA|CP003132|CP003132.1_Lactococcus_lactis_subsp._cremoris_A76,_complete_genome._	187
ENA|KF926093|KF926093.1_Lactococcus_phage_phiL47,_complete_genome._	ENA|CP003132|CP003132.1_Lactococcus_lactis_subsp._cremoris_A76,_complete_genome._	97.1
ENA|KF926093|KF926093.1_Lactococcus_phage_phiL47,_complete_genome._	ENA|CP003132|CP003132.1_Lactococcus_lactis_subsp._cremoris_A76,_complete_genome._	52.8
ENA|KF926093|KF926093.1_Lactococcus_phage_phiL47,_complete_genome._	ENA|AM406671|AM406671.1_Lactococcus_lactis_subsp._cremoris_MG1363,_complete_genome_	91.6
ENA|KF926093|KF926093.1_Lactococcus_phage_phiL47,_complete_genome._	ENA|AM406671|AM406671.1_Lactococcus_lactis_subsp._cremoris_MG1363,_complete_genome_	89.8
